00006011701,Singulair,montelukast 10 mg oral tablet,oral,leukotriene modifiers,d04289
00006011728,Singulair,montelukast 10 mg oral tablet,oral,leukotriene modifiers,d04289
00006011731,Singulair,montelukast 10 mg oral tablet,oral,leukotriene modifiers,d04289
00006011754,Singulair,montelukast 10 mg oral tablet,oral,leukotriene modifiers,d04289
00006011780,Singulair,montelukast 10 mg oral tablet,oral,leukotriene modifiers,d04289
00006027501,Singulair,"montelukast 5 mg oral tablet, chewable",oral,leukotriene modifiers,d04289
00006027528,Singulair,"montelukast 5 mg oral tablet, chewable",oral,leukotriene modifiers,d04289
00006027531,Singulair,"montelukast 5 mg oral tablet, chewable",oral,leukotriene modifiers,d04289
00006027554,Singulair,"montelukast 5 mg oral tablet, chewable",oral,leukotriene modifiers,d04289
00006027582,Singulair,"montelukast 5 mg oral tablet, chewable",oral,leukotriene modifiers,d04289
00006071101,Singulair,"montelukast 4 mg oral tablet, chewable",oral,leukotriene modifiers,d04289
00006071128,Singulair,"montelukast 4 mg oral tablet, chewable",oral,leukotriene modifiers,d04289
00006071131,Singulair,"montelukast 4 mg oral tablet, chewable",oral,leukotriene modifiers,d04289
00006071154,Singulair,"montelukast 4 mg oral tablet, chewable",oral,leukotriene modifiers,d04289
00006171131,Singulair,"montelukast 4 mg oral tablet, chewable",oral,leukotriene modifiers,d04289
00006171154,Singulair,"montelukast 4 mg oral tablet, chewable",oral,leukotriene modifiers,d04289
00006384101,Singulair,montelukast 4 mg oral granule,oral,leukotriene modifiers,d04289
00006384130,Singulair,montelukast 4 mg oral granule,oral,leukotriene modifiers,d04289
00006911731,Singulair,montelukast 10 mg oral tablet,oral,leukotriene modifiers,d04289
00006911754,Singulair,montelukast 10 mg oral tablet,oral,leukotriene modifiers,d04289
00006911780,Singulair,montelukast 10 mg oral tablet,oral,leukotriene modifiers,d04289
00006927531,Singulair,"montelukast 5 mg oral tablet, chewable",oral,leukotriene modifiers,d04289
00006927554,Singulair,"montelukast 5 mg oral tablet, chewable",oral,leukotriene modifiers,d04289
00006927582,Singulair,"montelukast 5 mg oral tablet, chewable",oral,leukotriene modifiers,d04289
00037052192,Lufyllin,dyphylline 200 mg oral tablet,oral,methylxanthines,d00759
00037054192,Lufyllin-GG,dyphylline-guaiFENesin 200 mg-200 mg oral tablet,oral,antiasthmatic combinations,d03276
00037054568,Lufyllin-GG,dyphylline-guaiFENesin 100 mg-100 mg/15 mL oral liquid,oral,antiasthmatic combinations,d03276
00037073192,Lufyllin-400,dyphylline 400 mg oral tablet,oral,methylxanthines,d00759
00054025913,Montelukast Sodium,montelukast 10 mg oral tablet,oral,leukotriene modifiers,d04289
00054025922,Montelukast Sodium,montelukast 10 mg oral tablet,oral,leukotriene modifiers,d04289
00054028813,Montelukast Sodium,"montelukast 4 mg oral tablet, chewable",oral,leukotriene modifiers,d04289
00054028822,Montelukast Sodium,"montelukast 4 mg oral tablet, chewable",oral,leukotriene modifiers,d04289
00054028913,Montelukast Sodium,"montelukast 5 mg oral tablet, chewable",oral,leukotriene modifiers,d04289
00054028922,Montelukast Sodium,"montelukast 5 mg oral tablet, chewable",oral,leukotriene modifiers,d04289
00074301460,Azmacort,triamcinolone 75 mcg/inh inhalation aerosol,inhalation,inhaled corticosteroids,d00620
00085113201,Proventil HFA,albuterol CFC free 90 mcg/inh inhalation aerosol,inhalation,short-acting inhaled beta-2 agonists,d00749
00085134101,Asmanex Twisthaler 120 Dose,mometasone 220 mcg/inh inhalation aerosol powder,inhalation,inhaled corticosteroids,d05262
00085134102,Asmanex Twisthaler 60 Dose,mometasone 220 mcg/inh inhalation aerosol powder,inhalation,inhaled corticosteroids,d05262
00085134103,Asmanex Twisthaler 30 Dose,mometasone 220 mcg/inh inhalation aerosol powder,inhalation,inhaled corticosteroids,d05262
00085134104,Asmanex Twisthaler 14 Dose,mometasone 220 mcg/inh inhalation aerosol powder,inhalation,inhaled corticosteroids,d05262
00085134107,Asmanex Twisthaler 30 Dose,mometasone 220 mcg/inh inhalation aerosol powder,inhalation,inhaled corticosteroids,d05262
00085140101,Foradil Aerolizer,formoterol 12 mcg inhalation capsule,inhalation,long-acting inhaled beta-2 agonists,d04572
00085140201,Foradil Aerolizer,formoterol 12 mcg inhalation capsule,inhalation,long-acting inhaled beta-2 agonists,d04572
00085140202,Foradil Aerolizer,formoterol 12 mcg inhalation capsule,inhalation,long-acting inhaled beta-2 agonists,d04572
00085146102,Asmanex Twisthaler 30 Dose,mometasone 110 mcg/inh inhalation aerosol powder,inhalation,inhaled corticosteroids,d05262
00085146107,Asmanex Twisthaler 7 Dose,mometasone 110 mcg/inh inhalation aerosol powder,inhalation,inhaled corticosteroids,d05262
00085461001,Dulera,formoterol-mometasone 5 mcg-200 mcg/inh inhalation aerosol,inhalation,inhaled steroid combinations,d07660
00085461005,Dulera,formoterol-mometasone 5 mcg-200 mcg/inh inhalation aerosol,inhalation,inhaled steroid combinations,d07660
00085720601,Dulera,formoterol-mometasone 5 mcg-100 mcg/inh inhalation aerosol,inhalation,inhaled steroid combinations,d07660
00085720607,Dulera,formoterol-mometasone 5 mcg-100 mcg/inh inhalation aerosol,inhalation,inhaled steroid combinations,d07660
00093742456,Montelukast Sodium,"montelukast 4 mg oral tablet, chewable",oral,leukotriene modifiers,d04289
00093742498,Montelukast Sodium,"montelukast 4 mg oral tablet, chewable",oral,leukotriene modifiers,d04289
00093742556,Montelukast Sodium,"montelukast 5 mg oral tablet, chewable",oral,leukotriene modifiers,d04289
00093742598,Montelukast Sodium,"montelukast 5 mg oral tablet, chewable",oral,leukotriene modifiers,d04289
00093742610,Montelukast Sodium,montelukast 10 mg oral tablet,oral,leukotriene modifiers,d04289
00093742656,Montelukast Sodium,montelukast 10 mg oral tablet,oral,leukotriene modifiers,d04289
00093742698,Montelukast Sodium,montelukast 10 mg oral tablet,oral,leukotriene modifiers,d04289
00093748756,Montelukast Sodium,montelukast 4 mg oral granule,oral,leukotriene modifiers,d04289
00121479415,Theophylline,theophylline 80 mg/15 mL oral solution,oral,methylxanthines,d00142
00143102001,Aminophylline,aminophylline 100 mg oral tablet,oral,methylxanthines,d00758
00143102010,Aminophylline,aminophylline 100 mg oral tablet,oral,methylxanthines,d00758
00143102501,Aminophylline,aminophylline 200 mg oral tablet,oral,methylxanthines,d00758
00143102510,Aminophylline,aminophylline 200 mg oral tablet,oral,methylxanthines,d00758
00173052000,Serevent Diskus,salmeterol 50 mcg inhalation powder,inhalation,long-acting inhaled beta-2 agonists,d03759
00173052100,Serevent Diskus,salmeterol 50 mcg inhalation powder,inhalation,long-acting inhaled beta-2 agonists,d03759
00173060002,Flovent Diskus,fluticasone 50 mcg inhalation powder,inhalation,inhaled corticosteroids,d01296
00173060100,Flovent Diskus,fluticasone 250 mcg inhalation powder,inhalation,inhaled corticosteroids,d01296
00173060102,Flovent Diskus,fluticasone 250 mcg inhalation powder,inhalation,inhaled corticosteroids,d01296
00173060200,Flovent Diskus,fluticasone 100 mcg inhalation powder,inhalation,inhaled corticosteroids,d01296
00173060202,Flovent Diskus,fluticasone 100 mcg inhalation powder,inhalation,inhaled corticosteroids,d01296
00173068220,Ventolin HFA,albuterol CFC free 90 mcg/inh inhalation aerosol,inhalation,short-acting inhaled beta-2 agonists,d00749
00173068221,Ventolin HFA,albuterol CFC free 90 mcg/inh inhalation aerosol,inhalation,short-acting inhaled beta-2 agonists,d00749
00173068224,Ventolin HFA,albuterol CFC free 90 mcg/inh inhalation aerosol,inhalation,short-acting inhaled beta-2 agonists,d00749
00173068254,Ventolin HFA,albuterol CFC free 90 mcg/inh inhalation aerosol,inhalation,short-acting inhaled beta-2 agonists,d00749
00173068281,ReliOn Ventolin HFA,albuterol CFC free 90 mcg/inh inhalation aerosol,inhalation,short-acting inhaled beta-2 agonists,d00749
00173069500,Advair Diskus,fluticasone-salmeterol 100 mcg-50 mcg inhalation powder,inhalation,inhaled steroid combinations,d04611
00173069504,Advair Diskus,fluticasone-salmeterol 100 mcg-50 mcg inhalation powder,inhalation,inhaled steroid combinations,d04611
00173069600,Advair Diskus,fluticasone-salmeterol 250 mcg-50 mcg inhalation powder,inhalation,inhaled steroid combinations,d04611
00173069604,Advair Diskus,fluticasone-salmeterol 250 mcg-50 mcg inhalation powder,inhalation,inhaled steroid combinations,d04611
00173069700,Advair Diskus,fluticasone-salmeterol 500 mcg-50 mcg inhalation powder,inhalation,inhaled steroid combinations,d04611
00173069704,Advair Diskus,fluticasone-salmeterol 500 mcg-50 mcg inhalation powder,inhalation,inhaled steroid combinations,d04611
00173071520,Advair HFA,fluticasone-salmeterol CFC free 45 mcg-21 mcg/inh inhalation aerosol,inhalation,inhaled steroid combinations,d04611
00173071522,Advair HFA,fluticasone-salmeterol CFC free 45 mcg-21 mcg/inh inhalation aerosol,inhalation,inhaled steroid combinations,d04611
00173071620,Advair HFA,fluticasone-salmeterol CFC free 115 mcg-21 mcg/inh inhalation aerosol,inhalation,inhaled steroid combinations,d04611
00173071622,Advair HFA,fluticasone-salmeterol CFC free 115 mcg-21 mcg/inh inhalation aerosol,inhalation,inhaled steroid combinations,d04611
00173071700,Advair HFA,fluticasone-salmeterol CFC free 230 mcg-21 mcg/inh inhalation aerosol,inhalation,inhaled steroid combinations,d04611
00173071720,Advair HFA,fluticasone-salmeterol CFC free 230 mcg-21 mcg/inh inhalation aerosol,inhalation,inhaled steroid combinations,d04611
00173071722,Advair HFA,fluticasone-salmeterol CFC free 230 mcg-21 mcg/inh inhalation aerosol,inhalation,inhaled steroid combinations,d04611
00173071820,Flovent HFA,fluticasone CFC free 44 mcg/inh inhalation aerosol,inhalation,inhaled corticosteroids,d01296
00173071920,Flovent HFA,fluticasone CFC free 110 mcg/inh inhalation aerosol,inhalation,inhaled corticosteroids,d01296
00173072020,Flovent HFA,fluticasone CFC free 220 mcg/inh inhalation aerosol,inhalation,inhaled corticosteroids,d01296
00186037020,Symbicort,budesonide-formoterol 160 mcg-4.5 mcg/inh inhalation aerosol,inhalation,inhaled steroid combinations,d04795
00186037028,Symbicort,budesonide-formoterol 160 mcg-4.5 mcg/inh inhalation aerosol,inhalation,inhaled steroid combinations,d04795
00186037220,Symbicort,budesonide-formoterol 80 mcg-4.5 mcg/inh inhalation aerosol,inhalation,inhaled steroid combinations,d04795
00186037228,Symbicort,budesonide-formoterol 80 mcg-4.5 mcg/inh inhalation aerosol,inhalation,inhaled steroid combinations,d04795
00186091612,Pulmicort Flexhaler,budesonide 180 mcg/inh inhalation powder,inhalation,inhaled corticosteroids,d04276
00186091706,Pulmicort Flexhaler,budesonide 90 mcg/inh inhalation powder,inhalation,inhaled corticosteroids,d04276
00247019020,Azmacort,triamcinolone 75 mcg/inh inhalation aerosol,inhalation,inhaled corticosteroids,d00620
00247065602,Theophylline SR,"theophylline 200 mg oral tablet, extended release",oral,methylxanthines,d00142
00247065604,Theophylline SR,"theophylline 200 mg oral tablet, extended release",oral,methylxanthines,d00142
00247065610,Theophylline SR,"theophylline 200 mg oral tablet, extended release",oral,methylxanthines,d00142
00247065614,Theophylline SR,"theophylline 200 mg oral tablet, extended release",oral,methylxanthines,d00142
00247065620,Theophylline SR,"theophylline 200 mg oral tablet, extended release",oral,methylxanthines,d00142
00247065628,Theophylline SR,"theophylline 200 mg oral tablet, extended release",oral,methylxanthines,d00142
00247065630,Theophylline SR,"theophylline 200 mg oral tablet, extended release",oral,methylxanthines,d00142
00247065660,Theophylline SR,"theophylline 200 mg oral tablet, extended release",oral,methylxanthines,d00142
00247065907,AeroBid,flunisolide 250 mcg/inh inhalation aerosol with adapter,inhalation,inhaled corticosteroids,d00761
00247066708,Intal Inhaler,cromolyn 0.8 mg/inh inhalation aerosol with adapter,inhalation,mast cell stablizers,d00200
00247067441,Intal Inhaler,cromolyn 0.8 mg/inh inhalation aerosol with adapter,inhalation,mast cell stablizers,d00200
00247070307,AeroBid-M,flunisolide 250 mcg/inh inhalation aerosol,inhalation,inhaled corticosteroids,d00761
00247082406,Theophylline SR,"theophylline 100 mg oral tablet, extended release",oral,methylxanthines,d00142
00247082410,Theophylline SR,"theophylline 100 mg oral tablet, extended release",oral,methylxanthines,d00142
00247082430,Theophylline SR,"theophylline 100 mg oral tablet, extended release",oral,methylxanthines,d00142
00247082460,Theophylline SR,"theophylline 100 mg oral tablet, extended release",oral,methylxanthines,d00142
00247082490,Theophylline SR,"theophylline 100 mg oral tablet, extended release",oral,methylxanthines,d00142
00247189700,Accolate,zafirlukast 10 mg oral tablet,oral,leukotriene modifiers,d04053
00247189730,Accolate,zafirlukast 10 mg oral tablet,oral,leukotriene modifiers,d04053
00247189760,Accolate,zafirlukast 10 mg oral tablet,oral,leukotriene modifiers,d04053
00247189777,Accolate,zafirlukast 10 mg oral tablet,oral,leukotriene modifiers,d04053
00247189790,Accolate,zafirlukast 10 mg oral tablet,oral,leukotriene modifiers,d04053
00247189800,Accolate,zafirlukast 20 mg oral tablet,oral,leukotriene modifiers,d04053
00247189814,Accolate,zafirlukast 20 mg oral tablet,oral,leukotriene modifiers,d04053
00247189830,Accolate,zafirlukast 20 mg oral tablet,oral,leukotriene modifiers,d04053
00247189860,Accolate,zafirlukast 20 mg oral tablet,oral,leukotriene modifiers,d04053
00247189877,Accolate,zafirlukast 20 mg oral tablet,oral,leukotriene modifiers,d04053
00247189890,Accolate,zafirlukast 20 mg oral tablet,oral,leukotriene modifiers,d04053
00247197360,Advair Diskus,fluticasone-salmeterol 250 mcg-50 mcg inhalation powder,inhalation,inhaled steroid combinations,d04611
00247198360,Advair Diskus,fluticasone-salmeterol 100 mcg-50 mcg inhalation powder,inhalation,inhaled steroid combinations,d04611
00247198830,Singulair,montelukast 10 mg oral tablet,oral,leukotriene modifiers,d04289
00247207260,Serevent Diskus,salmeterol 50 mcg inhalation powder,inhalation,long-acting inhaled beta-2 agonists,d03759
00247221560,Advair Diskus,fluticasone-salmeterol 500 mcg-50 mcg inhalation powder,inhalation,inhaled steroid combinations,d04611
00247222701,Xopenex HFA,levalbuterol CFC free 45 mcg/inh inhalation aerosol,inhalation,short-acting inhaled beta-2 agonists,d04427
00258358101,Theophylline ER,"theophylline 300 mg oral tablet, extended release",oral,methylxanthines,d00142
00258358105,Theophylline ER,"theophylline 300 mg oral tablet, extended release",oral,methylxanthines,d00142
00258358110,Theophylline ER,"theophylline 300 mg oral tablet, extended release",oral,methylxanthines,d00142
00258358301,Theophylline ER,"theophylline 200 mg oral tablet, extended release",oral,methylxanthines,d00142
00258358305,Theophylline ER,"theophylline 200 mg oral tablet, extended release",oral,methylxanthines,d00142
00258358310,Theophylline ER,"theophylline 200 mg oral tablet, extended release",oral,methylxanthines,d00142
00258358401,Theophylline ER,"theophylline 100 mg oral tablet, extended release",oral,methylxanthines,d00142
00258358405,Theophylline ER,"theophylline 100 mg oral tablet, extended release",oral,methylxanthines,d00142
00258362501,Theophylline SR,"theophylline 300 mg oral capsule, extended release",oral,methylxanthines,d00142
00258363401,Theophylline SR,"theophylline 200 mg oral capsule, extended release",oral,methylxanthines,d00142
00258363801,Theophylline SR,"theophylline 125 mg oral capsule, extended release",oral,methylxanthines,d00142
00310040160,Accolate,zafirlukast 10 mg oral tablet,oral,leukotriene modifiers,d04053
00310040260,Accolate,zafirlukast 20 mg oral tablet,oral,leukotriene modifiers,d04053
00310041160,Zafirlukast,zafirlukast 10 mg oral tablet,oral,leukotriene modifiers,d04053
00310041260,Zafirlukast,zafirlukast 20 mg oral tablet,oral,leukotriene modifiers,d04053
00378520193,Montelukast Sodium,montelukast 10 mg oral tablet,oral,leukotriene modifiers,d04289
00378520493,Montelukast Sodium,"montelukast 4 mg oral tablet, chewable",oral,leukotriene modifiers,d04289
00378520593,Montelukast Sodium,"montelukast 5 mg oral tablet, chewable",oral,leukotriene modifiers,d04289
00456064416,Elixophyllin,theophylline 80 mg/15 mL oral elixir,oral,methylxanthines,d00142
00456064816,Elixophyllin-GG,guaiFENesin-theophylline 100 mg-100 mg/15 mL oral liquid,oral,antiasthmatic combinations,d03273
00456067099,AeroBid-M,flunisolide 250 mcg/inh inhalation aerosol,inhalation,inhaled corticosteroids,d00761
00456067299,AeroBid,flunisolide 250 mcg/inh inhalation aerosol with adapter,inhalation,inhaled corticosteroids,d00761
00456358101,Theochron,"theophylline 300 mg oral tablet, extended release",oral,methylxanthines,d00142
00456358105,Theochron,"theophylline 300 mg oral tablet, extended release",oral,methylxanthines,d00142
00456358110,Theochron,"theophylline 300 mg oral tablet, extended release",oral,methylxanthines,d00142
00456430101,TheoCap,"theophylline 125 mg oral capsule, extended release",oral,methylxanthines,d00142
00456430201,TheoCap,"theophylline 200 mg oral capsule, extended release",oral,methylxanthines,d00142
00456430301,TheoCap,"theophylline 300 mg oral capsule, extended release",oral,methylxanthines,d00142
00456431001,Theochron,"theophylline 100 mg oral tablet, extended release",oral,methylxanthines,d00142
00456432000,Theochron,"theophylline 200 mg oral tablet, extended release",oral,methylxanthines,d00142
00456432001,Theochron,"theophylline 200 mg oral tablet, extended release",oral,methylxanthines,d00142
00456432002,Theochron,"theophylline 200 mg oral tablet, extended release",oral,methylxanthines,d00142
00456433000,Theochron,"theophylline 300 mg oral tablet, extended release",oral,methylxanthines,d00142
00456433001,Theochron,"theophylline 300 mg oral tablet, extended release",oral,methylxanthines,d00142
00456433002,Theochron,"theophylline 300 mg oral tablet, extended release",oral,methylxanthines,d00142
00456434501,Theochron,"theophylline 450 mg oral tablet, extended release",oral,methylxanthines,d00142
00485005916,Ed-Bron G,guaiFENesin-theophylline 100 mg-300 mg/15 mL oral liquid,oral,antiasthmatic combinations,d03273
00490008000,Theophylline ER,"theophylline 100 mg oral tablet, extended release",oral,methylxanthines,d00142
00490008030,Theophylline ER,"theophylline 100 mg oral tablet, extended release",oral,methylxanthines,d00142
00490008060,Theophylline ER,"theophylline 100 mg oral tablet, extended release",oral,methylxanthines,d00142
00490008090,Theophylline ER,"theophylline 100 mg oral tablet, extended release",oral,methylxanthines,d00142
00525037616,Panfil G,dyphylline-guaiFENesin 100 mg-50 mg/5 mL oral syrup,oral,antiasthmatic combinations,d03276
00603119058,Dyphylline GG,dyphylline-guaiFENesin 100 mg-100 mg/15 mL oral liquid,oral,antiasthmatic combinations,d03276
00603465302,Montelukast Sodium,"montelukast 4 mg oral tablet, chewable",oral,leukotriene modifiers,d04289
00603465316,Montelukast Sodium,"montelukast 4 mg oral tablet, chewable",oral,leukotriene modifiers,d04289
00603465328,Montelukast Sodium,"montelukast 4 mg oral tablet, chewable",oral,leukotriene modifiers,d04289
00603465332,Montelukast Sodium,"montelukast 4 mg oral tablet, chewable",oral,leukotriene modifiers,d04289
00603465402,Montelukast Sodium,"montelukast 5 mg oral tablet, chewable",oral,leukotriene modifiers,d04289
00603465416,Montelukast Sodium,"montelukast 5 mg oral tablet, chewable",oral,leukotriene modifiers,d04289
00603465428,Montelukast Sodium,"montelukast 5 mg oral tablet, chewable",oral,leukotriene modifiers,d04289
00603465432,Montelukast Sodium,"montelukast 5 mg oral tablet, chewable",oral,leukotriene modifiers,d04289
00603465502,Montelukast Sodium,montelukast 10 mg oral tablet,oral,leukotriene modifiers,d04289
00603465516,Montelukast Sodium,montelukast 10 mg oral tablet,oral,leukotriene modifiers,d04289
00603465528,Montelukast Sodium,montelukast 10 mg oral tablet,oral,leukotriene modifiers,d04289
00603465532,Montelukast Sodium,montelukast 10 mg oral tablet,oral,leukotriene modifiers,d04289
00603465534,Montelukast Sodium,montelukast 10 mg oral tablet,oral,leukotriene modifiers,d04289
00603594421,Theophylline SR,"theophylline 100 mg oral tablet, extended release",oral,methylxanthines,d00142
00603594428,Theophylline SR,"theophylline 100 mg oral tablet, extended release",oral,methylxanthines,d00142
00603594521,Theophylline SR,"theophylline 200 mg oral tablet, extended release",oral,methylxanthines,d00142
00603594528,Theophylline SR,"theophylline 200 mg oral tablet, extended release",oral,methylxanthines,d00142
00603594532,Theophylline SR,"theophylline 200 mg oral tablet, extended release",oral,methylxanthines,d00142
00603594621,Theophylline SR,"theophylline 300 mg oral tablet, extended release",oral,methylxanthines,d00142
00603594628,Theophylline SR,"theophylline 300 mg oral tablet, extended release",oral,methylxanthines,d00142
00603594632,Theophylline SR,"theophylline 300 mg oral tablet, extended release",oral,methylxanthines,d00142
00603595021,Theophylline SR,"theophylline 125 mg oral capsule, extended release",oral,methylxanthines,d00142
00603595121,Theophylline SR,"theophylline 200 mg oral capsule, extended release",oral,methylxanthines,d00142
00603595221,Theophylline SR,"theophylline 300 mg oral capsule, extended release",oral,methylxanthines,d00142
00677000301,Aminophylline,aminophylline 100 mg oral tablet,oral,methylxanthines,d00758
00677000701,Aminophylline,aminophylline 200 mg oral tablet,oral,methylxanthines,d00758
00677084601,Theophylline ER,"theophylline 200 mg oral tablet, extended release",oral,methylxanthines,d00142
00781555431,Montelukast Sodium,"montelukast 4 mg oral tablet, chewable",oral,leukotriene modifiers,d04289
00781555492,Montelukast Sodium,"montelukast 4 mg oral tablet, chewable",oral,leukotriene modifiers,d04289
00781555531,Montelukast Sodium,"montelukast 5 mg oral tablet, chewable",oral,leukotriene modifiers,d04289
00781555592,Montelukast Sodium,"montelukast 5 mg oral tablet, chewable",oral,leukotriene modifiers,d04289
00781556031,Montelukast Sodium,montelukast 10 mg oral tablet,oral,leukotriene modifiers,d04289
00781556092,Montelukast Sodium,montelukast 10 mg oral tablet,oral,leukotriene modifiers,d04289
00904161061,Theo-Time,"theophylline 100 mg oral tablet, extended release",oral,methylxanthines,d00142
00904161160,Theo-Time,"theophylline 200 mg oral tablet, extended release",oral,methylxanthines,d00142
00904161161,Theo-Time,"theophylline 200 mg oral tablet, extended release",oral,methylxanthines,d00142
00904161261,Theo-Time,"theophylline 300 mg oral tablet, extended release",oral,methylxanthines,d00142
00904588761,Theophylline ER,"theophylline 100 mg oral tablet, extended release",oral,methylxanthines,d00142
00904588861,Theophylline SR,"theophylline 200 mg oral tablet, extended release",oral,methylxanthines,d00142
00904588961,Theophylline SR,"theophylline 300 mg oral tablet, extended release",oral,methylxanthines,d00142
10122090112,Zyflo,zileuton 600 mg oral tablet,oral,leukotriene modifiers,d04103
10122090212,Zyflo CR,"zileuton 600 mg oral tablet, extended release",oral,leukotriene modifiers,d04103
10892015065,Dylix,dyphylline 100 mg/15 mL oral elixir,oral,methylxanthines,d00759
12280004290,Singulair,montelukast 10 mg oral tablet,oral,leukotriene modifiers,d04289
12280017360,Serevent Diskus,salmeterol 50 mcg inhalation powder,inhalation,long-acting inhaled beta-2 agonists,d03759
12280040915,Xopenex HFA,levalbuterol CFC free 45 mcg/inh inhalation aerosol,inhalation,short-acting inhaled beta-2 agonists,d04427
13411015101,Singulair,montelukast 10 mg oral tablet,oral,leukotriene modifiers,d04289
13411015103,Singulair,montelukast 10 mg oral tablet,oral,leukotriene modifiers,d04289
13411015106,Singulair,montelukast 10 mg oral tablet,oral,leukotriene modifiers,d04289
13411015109,Singulair,montelukast 10 mg oral tablet,oral,leukotriene modifiers,d04289
13411015115,Singulair,montelukast 10 mg oral tablet,oral,leukotriene modifiers,d04289
13411016001,Singulair,"montelukast 5 mg oral tablet, chewable",oral,leukotriene modifiers,d04289
13411016003,Singulair,"montelukast 5 mg oral tablet, chewable",oral,leukotriene modifiers,d04289
13411016006,Singulair,"montelukast 5 mg oral tablet, chewable",oral,leukotriene modifiers,d04289
13411016009,Singulair,"montelukast 5 mg oral tablet, chewable",oral,leukotriene modifiers,d04289
13411016015,Singulair,"montelukast 5 mg oral tablet, chewable",oral,leukotriene modifiers,d04289
13668007905,Montelukast Sodium,"montelukast 4 mg oral tablet, chewable",oral,leukotriene modifiers,d04289
13668007930,Montelukast Sodium,"montelukast 4 mg oral tablet, chewable",oral,leukotriene modifiers,d04289
13668007990,Montelukast Sodium,"montelukast 4 mg oral tablet, chewable",oral,leukotriene modifiers,d04289
13668008005,Montelukast Sodium,"montelukast 5 mg oral tablet, chewable",oral,leukotriene modifiers,d04289
13668008030,Montelukast Sodium,"montelukast 5 mg oral tablet, chewable",oral,leukotriene modifiers,d04289
13668008090,Montelukast Sodium,"montelukast 5 mg oral tablet, chewable",oral,leukotriene modifiers,d04289
13668008130,Montelukast Sodium,montelukast 10 mg oral tablet,oral,leukotriene modifiers,d04289
13668008190,Montelukast Sodium,montelukast 10 mg oral tablet,oral,leukotriene modifiers,d04289
15370002110,COPD,dyphylline-guaiFENesin 200 mg-200 mg oral tablet,oral,antiasthmatic combinations,d03276
16590002520,Azmacort,triamcinolone 75 mcg/inh inhalation aerosol,inhalation,inhaled corticosteroids,d00620
17856064430,Elixophyllin,theophylline 80 mg/15 mL oral elixir,oral,methylxanthines,d00142
17856064431,Elixophyllin,theophylline 80 mg/15 mL oral elixir,oral,methylxanthines,d00142
21695019601,Advair Diskus,fluticasone-salmeterol 250 mcg-50 mcg inhalation powder,inhalation,inhaled steroid combinations,d04611
21695019701,Advair Diskus,fluticasone-salmeterol 500 mcg-50 mcg inhalation powder,inhalation,inhaled steroid combinations,d04611
21695085185,ProAir HFA,albuterol CFC free 90 mcg/inh inhalation aerosol,inhalation,short-acting inhaled beta-2 agonists,d00749
23155006201,Theophylline SR,"theophylline 300 mg oral tablet, extended release",oral,methylxanthines,d00142
23155006301,Theophylline SR,"theophylline 450 mg oral tablet, extended release",oral,methylxanthines,d00142
23490735501,Theophylline SR,"theophylline 300 mg oral tablet, extended release",oral,methylxanthines,d00142
23490754201,Advair Diskus,fluticasone-salmeterol 250 mcg-50 mcg inhalation powder,inhalation,inhaled steroid combinations,d04611
23490797201,ProAir HFA,albuterol CFC free 90 mcg/inh inhalation aerosol,inhalation,short-acting inhaled beta-2 agonists,d00749
24839022601,Difil G,dyphylline-guaiFENesin 200 mg-400 mg oral tablet,oral,antiasthmatic combinations,d03276
24839022716,Difil-G Forte,dyphylline-guaiFENesin 100 mg-100 mg/5 mL oral liquid,oral,antiasthmatic combinations,d03276
29033000101,Theophylline ER,"theophylline 400 mg/24 hours oral tablet, extended release",oral,methylxanthines,d00142
29033000201,Theophylline ER,"theophylline 600 mg/24 hours oral tablet, extended release",oral,methylxanthines,d00142
29336081521,Maxair Autohaler,pirbuterol 0.2 mg/inh inhalation aerosol,inhalation,short-acting inhaled beta-2 agonists,d00755
35356009914,Asmanex Twisthaler 14 Dose,mometasone 220 mcg/inh inhalation aerosol powder,inhalation,inhaled corticosteroids,d05262
35356012660,Theophylline ER,"theophylline 200 mg oral tablet, extended release",oral,methylxanthines,d00142
35356015701,Flovent HFA,fluticasone CFC free 44 mcg/inh inhalation aerosol,inhalation,inhaled corticosteroids,d01296
35356016601,Ventolin HFA,albuterol CFC free 90 mcg/inh inhalation aerosol,inhalation,short-acting inhaled beta-2 agonists,d00749
38130001201,Dyflex-G,dyphylline-guaiFENesin 200 mg-200 mg oral tablet,oral,antiasthmatic combinations,d03276
42291062110,Montelukast Sodium,montelukast 10 mg oral tablet,oral,leukotriene modifiers,d04289
42291062130,Montelukast Sodium,montelukast 10 mg oral tablet,oral,leukotriene modifiers,d04289
42291062190,Montelukast Sodium,montelukast 10 mg oral tablet,oral,leukotriene modifiers,d04289
42291062230,Montelukast Sodium,"montelukast 4 mg oral tablet, chewable",oral,leukotriene modifiers,d04289
42291062290,Montelukast Sodium,"montelukast 4 mg oral tablet, chewable",oral,leukotriene modifiers,d04289
42291062330,Montelukast Sodium,"montelukast 5 mg oral tablet, chewable",oral,leukotriene modifiers,d04289
42291062390,Montelukast Sodium,"montelukast 5 mg oral tablet, chewable",oral,leukotriene modifiers,d04289
42858070101,Theophylline ER,"theophylline 400 mg/24 hours oral tablet, extended release",oral,methylxanthines,d00142
42858070201,Theophylline ER,"theophylline 600 mg/24 hours oral tablet, extended release",oral,methylxanthines,d00142
43063038015,Montelukast Sodium,montelukast 10 mg oral tablet,oral,leukotriene modifiers,d04289
43063038030,Montelukast Sodium,montelukast 10 mg oral tablet,oral,leukotriene modifiers,d04289
43063038121,Montelukast Sodium,"montelukast 4 mg oral tablet, chewable",oral,leukotriene modifiers,d04289
43063038130,Montelukast Sodium,"montelukast 4 mg oral tablet, chewable",oral,leukotriene modifiers,d04289
45985064701,Difil G,dyphylline-guaiFENesin 200 mg-300 mg oral tablet,oral,antiasthmatic combinations,d03276
49708064490,Elixophyllin,theophylline 80 mg/15 mL oral elixir,oral,methylxanthines,d00142
49884030302,Zafirlukast,zafirlukast 10 mg oral tablet,oral,leukotriene modifiers,d04053
49884030402,Zafirlukast,zafirlukast 20 mg oral tablet,oral,leukotriene modifiers,d04053
49999030028,Serevent Diskus,salmeterol 50 mcg inhalation powder,inhalation,long-acting inhaled beta-2 agonists,d03759
49999053330,Singulair,montelukast 10 mg oral tablet,oral,leukotriene modifiers,d04289
49999053390,Singulair,montelukast 10 mg oral tablet,oral,leukotriene modifiers,d04289
49999055000,Aminophylline,aminophylline 200 mg oral tablet,oral,methylxanthines,d00758
49999061401,Flovent HFA,fluticasone CFC free 110 mcg/inh inhalation aerosol,inhalation,inhaled corticosteroids,d01296
49999081960,Advair Diskus,fluticasone-salmeterol 250 mcg-50 mcg inhalation powder,inhalation,inhaled steroid combinations,d04611
49999088430,Singulair,"montelukast 5 mg oral tablet, chewable",oral,leukotriene modifiers,d04289
49999088490,Singulair,"montelukast 5 mg oral tablet, chewable",oral,leukotriene modifiers,d04289
49999090767,Proventil HFA,albuterol CFC free 90 mcg/inh inhalation aerosol,inhalation,short-acting inhaled beta-2 agonists,d00749
49999090885,ProAir HFA,albuterol CFC free 90 mcg/inh inhalation aerosol,inhalation,short-acting inhaled beta-2 agonists,d00749
49999092130,Theophylline ER,"theophylline 100 mg oral tablet, extended release",oral,methylxanthines,d00142
49999092215,Xopenex HFA,levalbuterol CFC free 45 mcg/inh inhalation aerosol,inhalation,short-acting inhaled beta-2 agonists,d04427
49999095230,Singulair,"montelukast 4 mg oral tablet, chewable",oral,leukotriene modifiers,d04289
49999098460,Advair Diskus,fluticasone-salmeterol 100 mcg-50 mcg inhalation powder,inhalation,inhaled steroid combinations,d04611
49999098560,Advair Diskus,fluticasone-salmeterol 500 mcg-50 mcg inhalation powder,inhalation,inhaled steroid combinations,d04611
50111045901,Theophylline ER,"theophylline 300 mg oral tablet, extended release",oral,methylxanthines,d00142
50111045902,Theophylline ER,"theophylline 300 mg oral tablet, extended release",oral,methylxanthines,d00142
50111045903,Theophylline ER,"theophylline 300 mg oral tablet, extended release",oral,methylxanthines,d00142
50111048201,Theophylline ER,"theophylline 200 mg oral tablet, extended release",oral,methylxanthines,d00142
50111048202,Theophylline ER,"theophylline 200 mg oral tablet, extended release",oral,methylxanthines,d00142
50111048203,Theophylline ER,"theophylline 200 mg oral tablet, extended release",oral,methylxanthines,d00142
50111048301,Theophylline ER,"theophylline 100 mg oral tablet, extended release",oral,methylxanthines,d00142
50111048302,Theophylline ER,"theophylline 100 mg oral tablet, extended release",oral,methylxanthines,d00142
50111051801,Theophylline ER,"theophylline 450 mg oral tablet, extended release",oral,methylxanthines,d00142
50242004062,Xolair,omalizumab 150 mg subcutaneous injection,subcutaneous,antibody inhibitor,d04881
50474010001,Theo-24,"theophylline 100 mg/24 hours oral capsule, extended release",oral,methylxanthines,d00142
50474020001,Theo-24,"theophylline 200 mg/24 hours oral capsule, extended release",oral,methylxanthines,d00142
50474020050,Theo-24,"theophylline 200 mg/24 hours oral capsule, extended release",oral,methylxanthines,d00142
50474030001,Theo-24,"theophylline 300 mg/24 hours oral capsule, extended release",oral,methylxanthines,d00142
50474030050,Theo-24,"theophylline 300 mg/24 hours oral capsule, extended release",oral,methylxanthines,d00142
50474040001,Theo-24,"theophylline 400 mg/24 hours oral capsule, extended release",oral,methylxanthines,d00142
50991020016,Dilex-G,dyphylline-guaiFENesin 300 mg-300 mg/15 mL oral liquid,oral,antiasthmatic combinations,d03276
50991021416,Dilex-G 200,dyphylline-guaiFENesin 100 mg-200 mg/5 mL oral syrup,oral,antiasthmatic combinations,d03276
50991040001,Dilex-G,dyphylline-guaiFENesin 200 mg-200 mg oral tablet,oral,antiasthmatic combinations,d03276
50991041301,Dilex-G 400,dyphylline-guaiFENesin 200 mg-400 mg oral tablet,oral,antiasthmatic combinations,d03276
51079022301,Montelukast Sodium,montelukast 10 mg oral tablet,oral,leukotriene modifiers,d04289
51079022320,Montelukast Sodium,montelukast 10 mg oral tablet,oral,leukotriene modifiers,d04289
51862013116,Theophylline,theophylline 80 mg/15 mL oral solution,oral,methylxanthines,d00142
51991053601,Dyphylline GG ES,dyphylline-guaiFENesin 200 mg-300 mg oral tablet,oral,antiasthmatic combinations,d03276
52959013100,AeroBid,flunisolide 250 mcg/inh inhalation aerosol with adapter,inhalation,inhaled corticosteroids,d00761
52959027930,Theophylline SR,"theophylline 200 mg oral capsule, extended release",oral,methylxanthines,d00142
52959028603,Azmacort,triamcinolone 75 mcg/inh inhalation aerosol,inhalation,inhaled corticosteroids,d00620
52959056901,Proventil HFA,albuterol CFC free 90 mcg/inh inhalation aerosol,inhalation,short-acting inhaled beta-2 agonists,d00749
52959097801,ProAir HFA,albuterol CFC free 90 mcg/inh inhalation aerosol,inhalation,short-acting inhaled beta-2 agonists,d00749
54569004900,Intal Inhaler,cromolyn 0.8 mg/inh inhalation aerosol with adapter,inhalation,mast cell stablizers,d00200
54569005300,Azmacort,triamcinolone 75 mcg/inh inhalation aerosol,inhalation,inhaled corticosteroids,d00620
54569006501,Theophylline SR,"theophylline 300 mg oral tablet, extended release",oral,methylxanthines,d00142
54569006502,Theophylline SR,"theophylline 300 mg oral tablet, extended release",oral,methylxanthines,d00142
54569006505,Theophylline SR,"theophylline 300 mg oral tablet, extended release",oral,methylxanthines,d00142
54569101200,Intal Inhaler,cromolyn 0.8 mg/inh inhalation aerosol with adapter,inhalation,mast cell stablizers,d00200
54569101300,AeroBid,flunisolide 250 mcg/inh inhalation aerosol with adapter,inhalation,inhaled corticosteroids,d00761
54569166600,Theo-24,"theophylline 300 mg/24 hours oral capsule, extended release",oral,methylxanthines,d00142
54569397600,AeroBid-M,flunisolide 250 mcg/inh inhalation aerosol,inhalation,inhaled corticosteroids,d00761
54569460401,Accolate,zafirlukast 20 mg oral tablet,oral,leukotriene modifiers,d04053
54569460500,Singulair,montelukast 10 mg oral tablet,oral,leukotriene modifiers,d04289
54569462100,Proventil HFA,albuterol CFC free 90 mcg/inh inhalation aerosol,inhalation,short-acting inhaled beta-2 agonists,d00749
54569473600,Singulair,"montelukast 5 mg oral tablet, chewable",oral,leukotriene modifiers,d04289
54569486700,Serevent Diskus,salmeterol 50 mcg inhalation powder,inhalation,long-acting inhaled beta-2 agonists,d03759
54569516700,Singulair,"montelukast 4 mg oral tablet, chewable",oral,leukotriene modifiers,d04289
54569524100,Advair Diskus,fluticasone-salmeterol 100 mcg-50 mcg inhalation powder,inhalation,inhaled steroid combinations,d04611
54569524200,Advair Diskus,fluticasone-salmeterol 250 mcg-50 mcg inhalation powder,inhalation,inhaled steroid combinations,d04611
54569524300,Advair Diskus,fluticasone-salmeterol 500 mcg-50 mcg inhalation powder,inhalation,inhaled steroid combinations,d04611
54569566300,Flovent HFA,fluticasone CFC free 110 mcg/inh inhalation aerosol,inhalation,inhaled corticosteroids,d01296
54569567100,Flovent HFA,fluticasone CFC free 44 mcg/inh inhalation aerosol,inhalation,inhaled corticosteroids,d01296
54569577700,ProAir HFA,albuterol CFC free 90 mcg/inh inhalation aerosol,inhalation,short-acting inhaled beta-2 agonists,d00749
54569585300,Xopenex HFA,levalbuterol CFC free 45 mcg/inh inhalation aerosol,inhalation,short-acting inhaled beta-2 agonists,d04427
54569592800,Pulmicort Flexhaler,budesonide 180 mcg/inh inhalation powder,inhalation,inhaled corticosteroids,d04276
54569616600,Ventolin HFA,albuterol CFC free 90 mcg/inh inhalation aerosol,inhalation,short-acting inhaled beta-2 agonists,d00749
54569616700,Ventolin HFA,albuterol CFC free 90 mcg/inh inhalation aerosol,inhalation,short-acting inhaled beta-2 agonists,d00749
54569626500,Flovent Diskus,fluticasone 50 mcg inhalation powder,inhalation,inhaled corticosteroids,d01296
54569626600,Flovent Diskus,fluticasone 100 mcg inhalation powder,inhalation,inhaled corticosteroids,d01296
54569632100,Zafirlukast,zafirlukast 20 mg oral tablet,oral,leukotriene modifiers,d04053
54569634800,Montelukast Sodium,montelukast 10 mg oral tablet,oral,leukotriene modifiers,d04289
54838055680,Theophylline,theophylline 80 mg/15 mL oral solution,oral,methylxanthines,d00142
54839051380,Dyphylline GG,dyphylline-guaiFENesin 100 mg-100 mg/15 mL oral liquid,oral,antiasthmatic combinations,d03276
54868002800,Theophylline SR,"theophylline 200 mg oral tablet, extended release",oral,methylxanthines,d00142
54868002801,Theophylline SR,"theophylline 200 mg oral tablet, extended release",oral,methylxanthines,d00142
54868002802,Theophylline SR,"theophylline 200 mg oral tablet, extended release",oral,methylxanthines,d00142
54868002803,Theophylline SR,"theophylline 200 mg oral tablet, extended release",oral,methylxanthines,d00142
54868002805,Theophylline SR,"theophylline 200 mg oral tablet, extended release",oral,methylxanthines,d00142
54868002806,Theophylline SR,"theophylline 200 mg oral tablet, extended release",oral,methylxanthines,d00142
54868002900,Theophylline SR,"theophylline 300 mg oral tablet, extended release",oral,methylxanthines,d00142
54868002902,Theophylline SR,"theophylline 300 mg oral tablet, extended release",oral,methylxanthines,d00142
54868002903,Theophylline SR,"theophylline 300 mg oral tablet, extended release",oral,methylxanthines,d00142
54868002905,Theophylline SR,"theophylline 300 mg oral tablet, extended release",oral,methylxanthines,d00142
54868002906,Theophylline SR,"theophylline 300 mg oral tablet, extended release",oral,methylxanthines,d00142
54868002907,Theophylline SR,"theophylline 300 mg oral tablet, extended release",oral,methylxanthines,d00142
54868126801,Azmacort,triamcinolone 75 mcg/inh inhalation aerosol,inhalation,inhaled corticosteroids,d00620
54868143800,Uniphyl,"theophylline 400 mg/24 hours oral tablet, extended release",oral,methylxanthines,d00142
54868143801,Uniphyl,"theophylline 400 mg/24 hours oral tablet, extended release",oral,methylxanthines,d00142
54868146101,Theophylline SR,"theophylline 100 mg oral tablet, extended release",oral,methylxanthines,d00142
54868146102,Theophylline SR,"theophylline 100 mg oral tablet, extended release",oral,methylxanthines,d00142
54868188301,AeroBid,flunisolide 250 mcg/inh inhalation aerosol with adapter,inhalation,inhaled corticosteroids,d00761
54868189402,Intal Inhaler,cromolyn 0.8 mg/inh inhalation aerosol with adapter,inhalation,mast cell stablizers,d00200
54868271000,Theo-24,"theophylline 300 mg/24 hours oral capsule, extended release",oral,methylxanthines,d00142
54868271001,Theo-24,"theophylline 300 mg/24 hours oral capsule, extended release",oral,methylxanthines,d00142
54868282101,Maxair Autohaler,pirbuterol 0.2 mg/inh inhalation aerosol,inhalation,short-acting inhaled beta-2 agonists,d00755
54868282200,Intal Inhaler,cromolyn 0.8 mg/inh inhalation aerosol with adapter,inhalation,mast cell stablizers,d00200
54868328300,Singulair,montelukast 10 mg oral tablet,oral,leukotriene modifiers,d04289
54868328301,Singulair,montelukast 10 mg oral tablet,oral,leukotriene modifiers,d04289
54868328302,Singulair,montelukast 10 mg oral tablet,oral,leukotriene modifiers,d04289
54868417200,Accolate,zafirlukast 20 mg oral tablet,oral,leukotriene modifiers,d04053
54868417201,Accolate,zafirlukast 20 mg oral tablet,oral,leukotriene modifiers,d04053
54868417202,Accolate,zafirlukast 20 mg oral tablet,oral,leukotriene modifiers,d04053
54868448100,Serevent Diskus,salmeterol 50 mcg inhalation powder,inhalation,long-acting inhaled beta-2 agonists,d03759
54868451600,Advair Diskus,fluticasone-salmeterol 500 mcg-50 mcg inhalation powder,inhalation,inhaled steroid combinations,d04611
54868451700,Advair Diskus,fluticasone-salmeterol 250 mcg-50 mcg inhalation powder,inhalation,inhaled steroid combinations,d04611
54868451800,Advair Diskus,fluticasone-salmeterol 100 mcg-50 mcg inhalation powder,inhalation,inhaled steroid combinations,d04611
54868463000,Singulair,"montelukast 4 mg oral tablet, chewable",oral,leukotriene modifiers,d04289
54868484700,Singulair,"montelukast 5 mg oral tablet, chewable",oral,leukotriene modifiers,d04289
54868497200,Foradil Aerolizer,formoterol 12 mcg inhalation capsule,inhalation,long-acting inhaled beta-2 agonists,d04572
54868497201,Foradil Aerolizer,formoterol 12 mcg inhalation capsule,inhalation,long-acting inhaled beta-2 agonists,d04572
54868529400,AeroBid-M,flunisolide 250 mcg/inh inhalation aerosol,inhalation,inhaled corticosteroids,d00761
54868536200,Flovent HFA,fluticasone CFC free 110 mcg/inh inhalation aerosol,inhalation,inhaled corticosteroids,d01296
54868554700,Asmanex Twisthaler 60 Dose,mometasone 220 mcg/inh inhalation aerosol powder,inhalation,inhaled corticosteroids,d05262
54868554701,Asmanex Twisthaler 30 Dose,mometasone 220 mcg/inh inhalation aerosol powder,inhalation,inhaled corticosteroids,d05262
54868554702,Asmanex Twisthaler 14 Dose,mometasone 220 mcg/inh inhalation aerosol powder,inhalation,inhaled corticosteroids,d05262
54868563700,Flovent HFA,fluticasone CFC free 220 mcg/inh inhalation aerosol,inhalation,inhaled corticosteroids,d01296
54868584400,Pulmicort Flexhaler,budesonide 180 mcg/inh inhalation powder,inhalation,inhaled corticosteroids,d04276
54868585700,Qvar,beclomethasone 40 mcg/inh inhalation aerosol,inhalation,inhaled corticosteroids,d00760
54868585800,Qvar,beclomethasone 80 mcg/inh inhalation aerosol,inhalation,inhaled corticosteroids,d00760
54868593600,Symbicort,budesonide-formoterol 160 mcg-4.5 mcg/inh inhalation aerosol,inhalation,inhaled steroid combinations,d04795
54868593700,Symbicort,budesonide-formoterol 80 mcg-4.5 mcg/inh inhalation aerosol,inhalation,inhaled steroid combinations,d04795
54868598900,Alvesco HFA,ciclesonide CFC free 80 mcg/inh inhalation aerosol,inhalation,inhaled corticosteroids,d05465
54868599000,Alvesco HFA,ciclesonide CFC free 160 mcg/inh inhalation aerosol,inhalation,inhaled corticosteroids,d05465
54868599500,Flovent HFA,fluticasone CFC free 44 mcg/inh inhalation aerosol,inhalation,inhaled corticosteroids,d01296
54868605000,Ventolin HFA,albuterol CFC free 90 mcg/inh inhalation aerosol,inhalation,short-acting inhaled beta-2 agonists,d00749
54868605001,Ventolin HFA,albuterol CFC free 90 mcg/inh inhalation aerosol,inhalation,short-acting inhaled beta-2 agonists,d00749
54868605100,Proventil HFA,albuterol CFC free 90 mcg/inh inhalation aerosol,inhalation,short-acting inhaled beta-2 agonists,d00749
55045186803,AeroBid,flunisolide 250 mcg/inh inhalation aerosol with adapter,inhalation,inhaled corticosteroids,d00761
55045252007,AeroBid-M,flunisolide 250 mcg/inh inhalation aerosol,inhalation,inhaled corticosteroids,d00761
55045306300,Qvar,beclomethasone 40 mcg/inh inhalation aerosol,inhalation,inhaled corticosteroids,d00760
55045335100,Flovent HFA,fluticasone CFC free 110 mcg/inh inhalation aerosol,inhalation,inhaled corticosteroids,d01296
55045335400,Flovent HFA,fluticasone CFC free 220 mcg/inh inhalation aerosol,inhalation,inhaled corticosteroids,d01296
55045338801,Advair Diskus,fluticasone-salmeterol 100 mcg-50 mcg inhalation powder,inhalation,inhaled steroid combinations,d04611
55045349401,ProAir HFA,albuterol CFC free 90 mcg/inh inhalation aerosol,inhalation,short-acting inhaled beta-2 agonists,d00749
55045368601,Advair Diskus,fluticasone-salmeterol 250 mcg-50 mcg inhalation powder,inhalation,inhaled steroid combinations,d04611
55045369508,Qvar,beclomethasone 80 mcg/inh inhalation aerosol,inhalation,inhaled corticosteroids,d00760
55045376808,Theophylline SR,"theophylline 100 mg oral tablet, extended release",oral,methylxanthines,d00142
55111059330,Montelukast Sodium,"montelukast 4 mg oral tablet, chewable",oral,leukotriene modifiers,d04289
55111059390,Montelukast Sodium,"montelukast 4 mg oral tablet, chewable",oral,leukotriene modifiers,d04289
55111059430,Montelukast Sodium,"montelukast 5 mg oral tablet, chewable",oral,leukotriene modifiers,d04289
55111059490,Montelukast Sodium,"montelukast 5 mg oral tablet, chewable",oral,leukotriene modifiers,d04289
55111062560,Zafirlukast,zafirlukast 10 mg oral tablet,oral,leukotriene modifiers,d04053
55111062660,Zafirlukast,zafirlukast 20 mg oral tablet,oral,leukotriene modifiers,d04053
55111072510,Montelukast Sodium,montelukast 10 mg oral tablet,oral,leukotriene modifiers,d04289
55111072530,Montelukast Sodium,montelukast 10 mg oral tablet,oral,leukotriene modifiers,d04289
55111072590,Montelukast Sodium,montelukast 10 mg oral tablet,oral,leukotriene modifiers,d04289
55111072594,Montelukast Sodium,montelukast 10 mg oral tablet,oral,leukotriene modifiers,d04289
55111076303,Montelukast Sodium,montelukast 4 mg oral granule,oral,leukotriene modifiers,d04289
55289078930,Uniphyl,"theophylline 400 mg/24 hours oral tablet, extended release",oral,methylxanthines,d00142
55289096115,Singulair,montelukast 10 mg oral tablet,oral,leukotriene modifiers,d04289
55289096130,Singulair,montelukast 10 mg oral tablet,oral,leukotriene modifiers,d04289
55289098921,Singulair,"montelukast 4 mg oral tablet, chewable",oral,leukotriene modifiers,d04289
55289098930,Singulair,"montelukast 4 mg oral tablet, chewable",oral,leukotriene modifiers,d04289
55289099021,Singulair,"montelukast 5 mg oral tablet, chewable",oral,leukotriene modifiers,d04289
55289099030,Singulair,"montelukast 5 mg oral tablet, chewable",oral,leukotriene modifiers,d04289
55887004318,Ventolin HFA,albuterol CFC free 90 mcg/inh inhalation aerosol,inhalation,short-acting inhaled beta-2 agonists,d00749
55887012090,Singulair,"montelukast 5 mg oral tablet, chewable",oral,leukotriene modifiers,d04289
55887027730,Theophylline ER,"theophylline 200 mg oral tablet, extended release",oral,methylxanthines,d00142
55887067860,Advair Diskus,fluticasone-salmeterol 100 mcg-50 mcg inhalation powder,inhalation,inhaled steroid combinations,d04611
55887084760,Theophylline ER,"theophylline 300 mg oral tablet, extended release",oral,methylxanthines,d00142
55887084790,Theophylline ER,"theophylline 300 mg oral tablet, extended release",oral,methylxanthines,d00142
58016460401,Advair Diskus,fluticasone-salmeterol 250 mcg-50 mcg inhalation powder,inhalation,inhaled steroid combinations,d04611
58016481301,Advair Diskus,fluticasone-salmeterol 500 mcg-50 mcg inhalation powder,inhalation,inhaled steroid combinations,d04611
58864065830,Singulair,montelukast 10 mg oral tablet,oral,leukotriene modifiers,d04289
58864069430,Singulair,"montelukast 5 mg oral tablet, chewable",oral,leukotriene modifiers,d04289
59243002110,COPD,dyphylline-guaiFENesin 200 mg-200 mg oral tablet,oral,antiasthmatic combinations,d03276
59310017540,Qvar,beclomethasone 40 mcg/inh inhalation aerosol,inhalation,inhaled corticosteroids,d00760
59310017780,Qvar,beclomethasone 80 mcg/inh inhalation aerosol,inhalation,inhaled corticosteroids,d00760
59310020240,Qvar,beclomethasone 40 mcg/inh inhalation aerosol,inhalation,inhaled corticosteroids,d00760
59310020480,Qvar,beclomethasone 80 mcg/inh inhalation aerosol,inhalation,inhaled corticosteroids,d00760
59310057920,ProAir HFA,albuterol CFC free 90 mcg/inh inhalation aerosol,inhalation,short-acting inhaled beta-2 agonists,d00749
59310057922,ProAir HFA,albuterol CFC free 90 mcg/inh inhalation aerosol,inhalation,short-acting inhaled beta-2 agonists,d00749
59762003001,Montelukast Sodium,montelukast 10 mg oral tablet,oral,leukotriene modifiers,d04289
59762003002,Montelukast Sodium,montelukast 10 mg oral tablet,oral,leukotriene modifiers,d04289
59762004501,Montelukast Sodium,"montelukast 4 mg oral tablet, chewable",oral,leukotriene modifiers,d04289
59762004502,Montelukast Sodium,"montelukast 4 mg oral tablet, chewable",oral,leukotriene modifiers,d04289
59762004601,Montelukast Sodium,"montelukast 5 mg oral tablet, chewable",oral,leukotriene modifiers,d04289
59762004602,Montelukast Sodium,"montelukast 5 mg oral tablet, chewable",oral,leukotriene modifiers,d04289
60258033516,Dyphyllin-GG,dyphylline-guaiFENesin 100 mg-100 mg/15 mL oral liquid,oral,antiasthmatic combinations,d03276
60258033601,Dyphylline GG,dyphylline-guaiFENesin 200 mg-200 mg oral tablet,oral,antiasthmatic combinations,d03276
60258037116,Dy-G,dyphylline-guaiFENesin 100 mg-100 mg/5 mL oral liquid,oral,antiasthmatic combinations,d03276
60346028274,AeroBid-M,flunisolide 250 mcg/inh inhalation aerosol,inhalation,inhaled corticosteroids,d00761
60505356203,Montelukast Sodium,montelukast 10 mg oral tablet,oral,leukotriene modifiers,d04289
60505356208,Montelukast Sodium,montelukast 10 mg oral tablet,oral,leukotriene modifiers,d04289
60505356209,Montelukast Sodium,montelukast 10 mg oral tablet,oral,leukotriene modifiers,d04289
60505357303,Montelukast Sodium,"montelukast 4 mg oral tablet, chewable",oral,leukotriene modifiers,d04289
60505357308,Montelukast Sodium,"montelukast 4 mg oral tablet, chewable",oral,leukotriene modifiers,d04289
60505357309,Montelukast Sodium,"montelukast 4 mg oral tablet, chewable",oral,leukotriene modifiers,d04289
60505357403,Montelukast Sodium,"montelukast 5 mg oral tablet, chewable",oral,leukotriene modifiers,d04289
60505357408,Montelukast Sodium,"montelukast 5 mg oral tablet, chewable",oral,leukotriene modifiers,d04289
60505357409,Montelukast Sodium,"montelukast 5 mg oral tablet, chewable",oral,leukotriene modifiers,d04289
60793001108,Intal Inhaler,cromolyn 0.8 mg/inh inhalation aerosol with adapter,inhalation,mast cell stablizers,d00200
60793001114,Intal Inhaler,cromolyn 0.8 mg/inh inhalation aerosol with adapter,inhalation,mast cell stablizers,d00200
61392001645,Theophylline SR,"theophylline 200 mg oral tablet, extended release",oral,methylxanthines,d00142
61392001654,Theophylline SR,"theophylline 200 mg oral tablet, extended release",oral,methylxanthines,d00142
61392001656,Theophylline SR,"theophylline 200 mg oral tablet, extended release",oral,methylxanthines,d00142
61392001691,Theophylline SR,"theophylline 200 mg oral tablet, extended release",oral,methylxanthines,d00142
61392001754,Theophylline SR,"theophylline 300 mg oral tablet, extended release",oral,methylxanthines,d00142
61392001756,Theophylline SR,"theophylline 300 mg oral tablet, extended release",oral,methylxanthines,d00142
61392001791,Theophylline SR,"theophylline 300 mg oral tablet, extended release",oral,methylxanthines,d00142
62175020432,Montelukast Sodium,"montelukast 4 mg oral tablet, chewable",oral,leukotriene modifiers,d04289
62175020443,Montelukast Sodium,"montelukast 4 mg oral tablet, chewable",oral,leukotriene modifiers,d04289
62175020446,Montelukast Sodium,"montelukast 4 mg oral tablet, chewable",oral,leukotriene modifiers,d04289
62175020532,Montelukast Sodium,"montelukast 5 mg oral tablet, chewable",oral,leukotriene modifiers,d04289
62175020543,Montelukast Sodium,"montelukast 5 mg oral tablet, chewable",oral,leukotriene modifiers,d04289
62175020546,Montelukast Sodium,"montelukast 5 mg oral tablet, chewable",oral,leukotriene modifiers,d04289
62175021032,Montelukast Sodium,montelukast 10 mg oral tablet,oral,leukotriene modifiers,d04289
62175021046,Montelukast Sodium,montelukast 10 mg oral tablet,oral,leukotriene modifiers,d04289
63402051001,Xopenex HFA,levalbuterol CFC free 45 mcg/inh inhalation aerosol,inhalation,short-acting inhaled beta-2 agonists,d04427
63402071101,Alvesco HFA,ciclesonide CFC free 80 mcg/inh inhalation aerosol,inhalation,inhaled corticosteroids,d05465
63402071201,Alvesco HFA,ciclesonide CFC free 160 mcg/inh inhalation aerosol,inhalation,inhaled corticosteroids,d05465
63402091130,Brovana,arformoterol 15 mcg/2 mL inhalation solution,inhalation,long-acting inhaled beta-2 agonists,d05893
63402091164,Brovana,arformoterol 15 mcg/2 mL inhalation solution,inhalation,long-acting inhaled beta-2 agonists,d05893
63629163901,Singulair,montelukast 10 mg oral tablet,oral,leukotriene modifiers,d04289
63629279201,Theophylline SR,"theophylline 200 mg oral tablet, extended release",oral,methylxanthines,d00142
63629279202,Theophylline SR,"theophylline 200 mg oral tablet, extended release",oral,methylxanthines,d00142
63629355101,Theophylline SR,"theophylline 100 mg oral tablet, extended release",oral,methylxanthines,d00142
63874044301,Theophylline SR,"theophylline 100 mg oral tablet, extended release",oral,methylxanthines,d00142
63874044315,Theophylline SR,"theophylline 100 mg oral tablet, extended release",oral,methylxanthines,d00142
63874044320,Theophylline SR,"theophylline 100 mg oral tablet, extended release",oral,methylxanthines,d00142
63874044330,Theophylline SR,"theophylline 100 mg oral tablet, extended release",oral,methylxanthines,d00142
63874044701,Theophylline SR,"theophylline 200 mg oral tablet, extended release",oral,methylxanthines,d00142
63874044715,Theophylline SR,"theophylline 200 mg oral tablet, extended release",oral,methylxanthines,d00142
63874044720,Theophylline SR,"theophylline 200 mg oral tablet, extended release",oral,methylxanthines,d00142
63874044730,Theophylline SR,"theophylline 200 mg oral tablet, extended release",oral,methylxanthines,d00142
63874044760,Theophylline SR,"theophylline 200 mg oral tablet, extended release",oral,methylxanthines,d00142
63874067501,Theophylline SR,"theophylline 300 mg oral tablet, extended release",oral,methylxanthines,d00142
63874067515,Theophylline SR,"theophylline 300 mg oral tablet, extended release",oral,methylxanthines,d00142
63874067520,Theophylline SR,"theophylline 300 mg oral tablet, extended release",oral,methylxanthines,d00142
63874067530,Theophylline SR,"theophylline 300 mg oral capsule, extended release",oral,methylxanthines,d00142
64661081416,Jay-Phyl,dyphylline-guaiFENesin 100 mg-50 mg/5 mL oral syrup,oral,antiasthmatic combinations,d03276
65162032411,Theophylline SR,"theophylline 200 mg oral tablet, extended release",oral,methylxanthines,d00142
65162033510,Theophylline SR,"theophylline 100 mg oral tablet, extended release",oral,methylxanthines,d00142
65862056705,Montelukast Sodium,"montelukast 4 mg oral tablet, chewable",oral,leukotriene modifiers,d04289
65862056730,Montelukast Sodium,"montelukast 4 mg oral tablet, chewable",oral,leukotriene modifiers,d04289
65862056790,Montelukast Sodium,"montelukast 4 mg oral tablet, chewable",oral,leukotriene modifiers,d04289
65862056805,Montelukast Sodium,"montelukast 5 mg oral tablet, chewable",oral,leukotriene modifiers,d04289
65862056830,Montelukast Sodium,"montelukast 5 mg oral tablet, chewable",oral,leukotriene modifiers,d04289
65862056890,Montelukast Sodium,"montelukast 5 mg oral tablet, chewable",oral,leukotriene modifiers,d04289
65862057419,Montelukast Sodium,montelukast 10 mg oral tablet,oral,leukotriene modifiers,d04289
65862057430,Montelukast Sodium,montelukast 10 mg oral tablet,oral,leukotriene modifiers,d04289
65862057490,Montelukast Sodium,montelukast 10 mg oral tablet,oral,leukotriene modifiers,d04289
66105016402,Singulair,montelukast 10 mg oral tablet,oral,leukotriene modifiers,d04289
66105016403,Singulair,montelukast 10 mg oral tablet,oral,leukotriene modifiers,d04289
66105016406,Singulair,montelukast 10 mg oral tablet,oral,leukotriene modifiers,d04289
66105016409,Singulair,montelukast 10 mg oral tablet,oral,leukotriene modifiers,d04289
66105016410,Singulair,montelukast 10 mg oral tablet,oral,leukotriene modifiers,d04289
66105050106,Accolate,zafirlukast 10 mg oral tablet,oral,leukotriene modifiers,d04053
66105050206,Accolate,zafirlukast 20 mg oral tablet,oral,leukotriene modifiers,d04053
66336059630,Theophylline SR,"theophylline 300 mg oral tablet, extended release",oral,methylxanthines,d00142
67781025101,Uniphyl,"theophylline 400 mg/24 hours oral tablet, extended release",oral,methylxanthines,d00142
67781025105,Uniphyl,"theophylline 400 mg/24 hours oral tablet, extended release",oral,methylxanthines,d00142
67781025201,Uniphyl,"theophylline 600 mg/24 hours oral tablet, extended release",oral,methylxanthines,d00142
67801030503,Singulair,montelukast 10 mg oral tablet,oral,leukotriene modifiers,d04289
68084061901,Montelukast Sodium,"montelukast 5 mg oral tablet, chewable",oral,leukotriene modifiers,d04289
68084061911,Montelukast Sodium,"montelukast 5 mg oral tablet, chewable",oral,leukotriene modifiers,d04289
68084062001,Montelukast Sodium,montelukast 10 mg oral tablet,oral,leukotriene modifiers,d04289
68084062011,Montelukast Sodium,montelukast 10 mg oral tablet,oral,leukotriene modifiers,d04289
68115032860,Theophylline SR,"theophylline 300 mg oral tablet, extended release",oral,methylxanthines,d00142
68115054720,Azmacort,triamcinolone 75 mcg/inh inhalation aerosol,inhalation,inhaled corticosteroids,d00620
68115063860,Accolate,zafirlukast 20 mg oral tablet,oral,leukotriene modifiers,d04053
68115065160,Foradil Aerolizer,formoterol 12 mcg inhalation capsule,inhalation,long-acting inhaled beta-2 agonists,d04572
68115065201,AeroBid,flunisolide 250 mcg/inh inhalation aerosol with adapter,inhalation,inhaled corticosteroids,d00761
68115065301,AeroBid-M,flunisolide 250 mcg/inh inhalation aerosol,inhalation,inhaled corticosteroids,d00761
68115065701,Advair Diskus,fluticasone-salmeterol 500 mcg-50 mcg inhalation powder,inhalation,inhaled steroid combinations,d04611
68115076001,Advair Diskus,fluticasone-salmeterol 100 mcg-50 mcg inhalation powder,inhalation,inhaled steroid combinations,d04611
68115076917,Ventolin HFA,albuterol CFC free 90 mcg/inh inhalation aerosol,inhalation,short-acting inhaled beta-2 agonists,d00749
68115077507,Qvar,beclomethasone 80 mcg/inh inhalation aerosol,inhalation,inhaled corticosteroids,d00760
68115092330,Singulair,montelukast 10 mg oral tablet,oral,leukotriene modifiers,d04289
68115092390,Singulair,montelukast 10 mg oral tablet,oral,leukotriene modifiers,d04289
68115092460,Advair Diskus,fluticasone-salmeterol 250 mcg-50 mcg inhalation powder,inhalation,inhaled steroid combinations,d04611
68258303101,Advair Diskus,fluticasone-salmeterol 250 mcg-50 mcg inhalation powder,inhalation,inhaled steroid combinations,d04611
68258303203,Singulair,"montelukast 5 mg oral tablet, chewable",oral,leukotriene modifiers,d04289
68258303303,Singulair,montelukast 10 mg oral tablet,oral,leukotriene modifiers,d04289
68258303701,Ventolin HFA,albuterol CFC free 90 mcg/inh inhalation aerosol,inhalation,short-acting inhaled beta-2 agonists,d00749
68462035601,Theophylline ER,"theophylline 600 mg/24 hours oral tablet, extended release",oral,methylxanthines,d00142
68462038001,Theophylline ER,"theophylline 400 mg/24 hours oral tablet, extended release",oral,methylxanthines,d00142
68462039205,Montelukast Sodium,montelukast 10 mg oral tablet,oral,leukotriene modifiers,d04289
68462039230,Montelukast Sodium,montelukast 10 mg oral tablet,oral,leukotriene modifiers,d04289
68462039290,Montelukast Sodium,montelukast 10 mg oral tablet,oral,leukotriene modifiers,d04289
68734070010,Zyflo,zileuton 600 mg oral tablet,oral,leukotriene modifiers,d04103
68734071010,Zyflo CR,"zileuton 600 mg oral tablet, extended release",oral,leukotriene modifiers,d04103
99207028040,Maxair Autohaler,pirbuterol 0.2 mg/inh inhalation aerosol,inhalation,short-acting inhaled beta-2 agonists,d00755
