ndc_code,brand_name,generic_product_name,route,category
00071000724,Dilantin Infatabs,"phenytoin 50 mg oral tablet, chewable",oral,hydantoin anticonvulsants
00071000740,Dilantin Infatabs,"phenytoin 50 mg oral tablet, chewable",oral,hydantoin anticonvulsants
00071036924,Dilantin,"phenytoin 100 mg oral capsule, extended release",oral,hydantoin anticonvulsants
00071036932,Dilantin,"phenytoin 100 mg oral capsule, extended release",oral,hydantoin anticonvulsants
00071036940,Dilantin,"phenytoin 100 mg oral capsule, extended release",oral,hydantoin anticonvulsants
00071221420,Dilantin-125,phenytoin 25 mg/mL oral suspension,oral,hydantoin anticonvulsants
00071374066,Dilantin,"phenytoin 30 mg oral capsule, extended release",oral,hydantoin anticonvulsants
00074382611,Depakote ER,"divalproex sodium 250 mg oral tablet, extended release",oral,miscellaneous anticonvulsants
00074382613,Depakote ER,"divalproex sodium 250 mg oral tablet, extended release",oral,miscellaneous anticonvulsants
00074568113,Depakene,valproic acid 250 mg oral capsule,oral,miscellaneous anticonvulsants
00074568216,Depakene,valproic acid 250 mg/5 mL oral syrup,oral,miscellaneous anticonvulsants
00074611411,Depakote Sprinkles,divalproex sodium 125 mg oral delayed release capsule,oral,miscellaneous anticonvulsants
00074611413,Depakote Sprinkles,divalproex sodium 125 mg oral delayed release capsule,oral,miscellaneous anticonvulsants
00074621211,Depakote,divalproex sodium 125 mg oral delayed release tablet,oral,miscellaneous anticonvulsants
00074621213,Depakote,divalproex sodium 125 mg oral delayed release tablet,oral,miscellaneous anticonvulsants
00074621411,Depakote,divalproex sodium 250 mg oral delayed release tablet,oral,miscellaneous anticonvulsants
00074621413,Depakote,divalproex sodium 250 mg oral delayed release tablet,oral,miscellaneous anticonvulsants
00074621453,Depakote,divalproex sodium 250 mg oral delayed release tablet,oral,miscellaneous anticonvulsants
00074621511,Depakote,divalproex sodium 500 mg oral delayed release tablet,oral,miscellaneous anticonvulsants
00074621513,Depakote,divalproex sodium 500 mg oral delayed release tablet,oral,miscellaneous anticonvulsants
00074621553,Depakote,divalproex sodium 500 mg oral delayed release tablet,oral,miscellaneous anticonvulsants
00074712611,Depakote ER,"divalproex sodium 500 mg oral tablet, extended release",oral,miscellaneous anticonvulsants
00074712613,Depakote ER,"divalproex sodium 500 mg oral tablet, extended release",oral,miscellaneous anticonvulsants
00074712653,Depakote ER,"divalproex sodium 500 mg oral tablet, extended release",oral,miscellaneous anticonvulsants
00078049205,TEGretol,"carBAMazepine 100 mg oral tablet, chewable",oral,dibenzazepine anticonvulsants
00078049235,TEGretol,"carBAMazepine 100 mg oral tablet, chewable",oral,dibenzazepine anticonvulsants
00078049261,TEGretol,"carBAMazepine 100 mg oral tablet, chewable",oral,dibenzazepine anticonvulsants
00078050883,TEGretol,carBAMazepine 100 mg/5 mL oral suspension,oral,dibenzazepine anticonvulsants
00078050905,TEGretol,carBAMazepine 200 mg oral tablet,oral,dibenzazepine anticonvulsants
00078051005,TEGretol XR,"carBAMazepine 100 mg oral tablet, extended release",oral,dibenzazepine anticonvulsants
00078051105,TEGretol XR,"carBAMazepine 200 mg oral tablet, extended release",oral,dibenzazepine anticonvulsants
00078051205,TEGretol XR,"carBAMazepine 400 mg oral tablet, extended release",oral,dibenzazepine anticonvulsants
00083002732,TEGretol,carBAMazepine 200 mg oral tablet,oral,dibenzazepine anticonvulsants
00083002740,TEGretol,carBAMazepine 200 mg oral tablet,oral,dibenzazepine anticonvulsants
00093009001,Epitol,carBAMazepine 200 mg oral tablet,oral,dibenzazepine anticonvulsants
00093010901,CarBAMazepine,carBAMazepine 200 mg oral tablet,oral,dibenzazepine anticonvulsants
00093010910,CarBAMazepine,carBAMazepine 200 mg oral tablet,oral,dibenzazepine anticonvulsants
00093077801,CarBAMazepine,"carBAMazepine 100 mg oral tablet, chewable",oral,dibenzazepine anticonvulsants
00093123319,CarBAMazepine,carBAMazepine 200 mg oral tablet,oral,dibenzazepine anticonvulsants
00093123393,CarBAMazepine,carBAMazepine 200 mg oral tablet,oral,dibenzazepine anticonvulsants
00093551289,CarBAMazepine ER,"carBAMazepine 100 mg oral capsule, extended release",oral,dibenzazepine anticonvulsants
00093551389,CarBAMazepine ER,"carBAMazepine 200 mg oral capsule, extended release",oral,dibenzazepine anticonvulsants
00093551489,CarBAMazepine ER,"carBAMazepine 300 mg oral capsule, extended release",oral,dibenzazepine anticonvulsants
00093734001,Divalproex Sodium ER,"divalproex sodium 500 mg oral tablet, extended release",oral,miscellaneous anticonvulsants
00093734005,Divalproex Sodium ER,"divalproex sodium 500 mg oral tablet, extended release",oral,miscellaneous anticonvulsants
00093743901,Divalproex Sodium,divalproex sodium 125 mg oral delayed release tablet,oral,miscellaneous anticonvulsants
00093744001,Divalproex Sodium,divalproex sodium 250 mg oral delayed release tablet,oral,miscellaneous anticonvulsants
00093744005,Divalproex Sodium,divalproex sodium 250 mg oral delayed release tablet,oral,miscellaneous anticonvulsants
00093744101,Divalproex Sodium,divalproex sodium 500 mg oral delayed release tablet,oral,miscellaneous anticonvulsants
00093744105,Divalproex Sodium,divalproex sodium 500 mg oral delayed release tablet,oral,miscellaneous anticonvulsants
00093963316,Valproic Acid,valproic acid 250 mg/5 mL oral syrup,oral,miscellaneous anticonvulsants
00115691101,Divalproex Sodium ER,"divalproex sodium 250 mg oral tablet, extended release",oral,miscellaneous anticonvulsants
00115691102,Divalproex Sodium ER,"divalproex sodium 250 mg oral tablet, extended release",oral,miscellaneous anticonvulsants
00115692201,Divalproex Sodium ER,"divalproex sodium 500 mg oral tablet, extended release",oral,miscellaneous anticonvulsants
00115692202,Divalproex Sodium ER,"divalproex sodium 500 mg oral tablet, extended release",oral,miscellaneous anticonvulsants
00121053105,Phenobarbital,PHENobarbital 20 mg/5 mL oral elixir,oral,barbiturate anticonvulsants
00121053107,Phenobarbital,PHENobarbital 20 mg/5 mL oral elixir,oral,barbiturate anticonvulsants
00121053115,Phenobarbital,PHENobarbital 20 mg/5 mL oral elixir,oral,barbiturate anticonvulsants
00121053116,Phenobarbital,PHENobarbital 20 mg/5 mL oral elixir,oral,barbiturate anticonvulsants
00121067516,Valproic Acid,valproic acid 250 mg/5 mL oral syrup,oral,miscellaneous anticonvulsants
00121467505,Valproic Acid,valproic acid 250 mg/5 mL oral syrup,oral,miscellaneous anticonvulsants
00121467510,Valproic Acid,valproic acid 250 mg/5 mL oral syrup,oral,miscellaneous anticonvulsants
00121467555,Valproic Acid,valproic acid 250 mg/5 mL oral syrup,oral,miscellaneous anticonvulsants
00143144505,Phenobarbital,PHENobarbital 15 mg oral tablet,oral,barbiturate anticonvulsants
00143144510,Phenobarbital,PHENobarbital 15 mg oral tablet,oral,barbiturate anticonvulsants
00143145005,Phenobarbital,PHENobarbital 30 mg oral tablet,oral,barbiturate anticonvulsants
00143145010,Phenobarbital,PHENobarbital 30 mg oral tablet,oral,barbiturate anticonvulsants
00143145505,Phenobarbital,PHENobarbital 60 mg oral tablet,oral,barbiturate anticonvulsants
00143145510,Phenobarbital,PHENobarbital 60 mg oral tablet,oral,barbiturate anticonvulsants
00143145801,Phenobarbital,PHENobarbital 100 mg oral tablet,oral,barbiturate anticonvulsants
00143145805,Phenobarbital,PHENobarbital 100 mg oral tablet,oral,barbiturate anticonvulsants
00143145810,Phenobarbital,PHENobarbital 100 mg oral tablet,oral,barbiturate anticonvulsants
00182133100,CarBAMazepine,"carBAMazepine 100 mg oral tablet, chewable",oral,dibenzazepine anticonvulsants
00182133189,CarBAMazepine,"carBAMazepine 100 mg oral tablet, chewable",oral,dibenzazepine anticonvulsants
00182175401,Valproic Acid,valproic acid 250 mg oral capsule,oral,miscellaneous anticonvulsants
00228214310,CarBAMazepine,carBAMazepine 200 mg oral tablet,oral,dibenzazepine anticonvulsants
00228214350,CarBAMazepine,carBAMazepine 200 mg oral tablet,oral,dibenzazepine anticonvulsants
00228214396,CarBAMazepine,carBAMazepine 200 mg oral tablet,oral,dibenzazepine anticonvulsants
00245018001,Divalproex Sodium,divalproex sodium 125 mg oral delayed release tablet,oral,miscellaneous anticonvulsants
00245018011,Divalproex Sodium,divalproex sodium 125 mg oral delayed release tablet,oral,miscellaneous anticonvulsants
00245018015,Divalproex Sodium,divalproex sodium 125 mg oral delayed release tablet,oral,miscellaneous anticonvulsants
00245018089,Divalproex Sodium,divalproex sodium 125 mg oral delayed release tablet,oral,miscellaneous anticonvulsants
00245018101,Divalproex Sodium,divalproex sodium 250 mg oral delayed release tablet,oral,miscellaneous anticonvulsants
00245018111,Divalproex Sodium,divalproex sodium 250 mg oral delayed release tablet,oral,miscellaneous anticonvulsants
00245018115,Divalproex Sodium,divalproex sodium 250 mg oral delayed release tablet,oral,miscellaneous anticonvulsants
00245018189,Divalproex Sodium,divalproex sodium 250 mg oral delayed release tablet,oral,miscellaneous anticonvulsants
00245018201,Divalproex Sodium,divalproex sodium 500 mg oral delayed release tablet,oral,miscellaneous anticonvulsants
00245018211,Divalproex Sodium,divalproex sodium 500 mg oral delayed release tablet,oral,miscellaneous anticonvulsants
00245018215,Divalproex Sodium,divalproex sodium 500 mg oral delayed release tablet,oral,miscellaneous anticonvulsants
00245018289,Divalproex Sodium,divalproex sodium 500 mg oral delayed release tablet,oral,miscellaneous anticonvulsants
00247035201,CarBAMazepine,carBAMazepine 200 mg oral tablet,oral,dibenzazepine anticonvulsants
00247035203,CarBAMazepine,carBAMazepine 200 mg oral tablet,oral,dibenzazepine anticonvulsants
00247035204,CarBAMazepine,carBAMazepine 200 mg oral tablet,oral,dibenzazepine anticonvulsants
00247035206,CarBAMazepine,carBAMazepine 200 mg oral tablet,oral,dibenzazepine anticonvulsants
00247035208,CarBAMazepine,carBAMazepine 200 mg oral tablet,oral,dibenzazepine anticonvulsants
00247035209,CarBAMazepine,carBAMazepine 200 mg oral tablet,oral,dibenzazepine anticonvulsants
00247035210,CarBAMazepine,carBAMazepine 200 mg oral tablet,oral,dibenzazepine anticonvulsants
00247035216,CarBAMazepine,carBAMazepine 200 mg oral tablet,oral,dibenzazepine anticonvulsants
00247035290,CarBAMazepine,carBAMazepine 200 mg oral tablet,oral,dibenzazepine anticonvulsants
00247123100,CarBAMazepine,"carBAMazepine 100 mg oral tablet, chewable",oral,dibenzazepine anticonvulsants
00247137004,Phenobarbital,PHENobarbital 30 mg oral tablet,oral,barbiturate anticonvulsants
00247137060,Phenobarbital,PHENobarbital 30 mg oral tablet,oral,barbiturate anticonvulsants
00247179609,Depakote,divalproex sodium 500 mg oral delayed release tablet,oral,miscellaneous anticonvulsants
00247179621,Depakote,divalproex sodium 500 mg oral delayed release tablet,oral,miscellaneous anticonvulsants
00247179630,Depakote,divalproex sodium 500 mg oral delayed release tablet,oral,miscellaneous anticonvulsants
00247179652,Depakote,divalproex sodium 500 mg oral delayed release tablet,oral,miscellaneous anticonvulsants
00247179660,Depakote,divalproex sodium 500 mg oral delayed release tablet,oral,miscellaneous anticonvulsants
00247181638,Valproic Acid,valproic acid 250 mg/5 mL oral syrup,oral,miscellaneous anticonvulsants
00247184107,Depakote,divalproex sodium 250 mg oral delayed release tablet,oral,miscellaneous anticonvulsants
00247184109,Depakote,divalproex sodium 250 mg oral delayed release tablet,oral,miscellaneous anticonvulsants
00247184112,Depakote,divalproex sodium 250 mg oral delayed release tablet,oral,miscellaneous anticonvulsants
00247184121,Depakote,divalproex sodium 250 mg oral delayed release tablet,oral,miscellaneous anticonvulsants
00247184124,Depakote,divalproex sodium 250 mg oral delayed release tablet,oral,miscellaneous anticonvulsants
00247184130,Depakote,divalproex sodium 250 mg oral delayed release tablet,oral,miscellaneous anticonvulsants
00247184160,Depakote,divalproex sodium 250 mg oral delayed release tablet,oral,miscellaneous anticonvulsants
00247184190,Depakote,divalproex sodium 250 mg oral delayed release tablet,oral,miscellaneous anticonvulsants
00247193700,"Phenytoin Sodium, Extended Release","phenytoin 100 mg oral capsule, extended release",oral,hydantoin anticonvulsants
00247193703,"Phenytoin Sodium, Extended Release","phenytoin 100 mg oral capsule, extended release",oral,hydantoin anticonvulsants
00247193730,"Phenytoin Sodium, Extended Release","phenytoin 100 mg oral capsule, extended release",oral,hydantoin anticonvulsants
00247193733,"Phenytoin Sodium, Extended Release","phenytoin 100 mg oral capsule, extended release",oral,hydantoin anticonvulsants
00247193779,"Phenytoin Sodium, Extended Release","phenytoin 100 mg oral capsule, extended release",oral,hydantoin anticonvulsants
00247233600,Depakote Sprinkles,divalproex sodium 125 mg oral delayed release capsule,oral,miscellaneous anticonvulsants
00247233630,Depakote Sprinkles,divalproex sodium 125 mg oral delayed release capsule,oral,miscellaneous anticonvulsants
00247233660,Depakote Sprinkles,divalproex sodium 125 mg oral delayed release capsule,oral,miscellaneous anticonvulsants
00247233677,Depakote Sprinkles,divalproex sodium 125 mg oral delayed release capsule,oral,miscellaneous anticonvulsants
00247233690,Depakote Sprinkles,divalproex sodium 125 mg oral delayed release capsule,oral,miscellaneous anticonvulsants
00378047201,Divalproex Sodium ER,"divalproex sodium 250 mg oral tablet, extended release",oral,miscellaneous anticonvulsants
00378047205,Divalproex Sodium ER,"divalproex sodium 250 mg oral tablet, extended release",oral,miscellaneous anticonvulsants
00378047277,Divalproex Sodium ER,"divalproex sodium 250 mg oral tablet, extended release",oral,miscellaneous anticonvulsants
00378047301,Divalproex Sodium ER,"divalproex sodium 500 mg oral tablet, extended release",oral,miscellaneous anticonvulsants
00378047305,Divalproex Sodium ER,"divalproex sodium 500 mg oral tablet, extended release",oral,miscellaneous anticonvulsants
00378047377,Divalproex Sodium ER,"divalproex sodium 500 mg oral tablet, extended release",oral,miscellaneous anticonvulsants
00378104301,Divalproex Sodium,divalproex sodium 125 mg oral delayed release tablet,oral,miscellaneous anticonvulsants
00378104401,Divalproex Sodium,divalproex sodium 250 mg oral delayed release tablet,oral,miscellaneous anticonvulsants
00378104501,Divalproex Sodium,divalproex sodium 500 mg oral delayed release tablet,oral,miscellaneous anticonvulsants
00378104505,Divalproex Sodium,divalproex sodium 500 mg oral delayed release tablet,oral,miscellaneous anticonvulsants
00378156001,"Phenytoin Sodium, Extended Release","phenytoin 100 mg oral capsule, extended release",oral,hydantoin anticonvulsants
00378156010,"Phenytoin Sodium, Extended Release","phenytoin 100 mg oral capsule, extended release",oral,hydantoin anticonvulsants
00378267001,Phenytek,"phenytoin 200 mg oral capsule, extended release",oral,hydantoin anticonvulsants
00378267093,Phenytek,"phenytoin 200 mg oral capsule, extended release",oral,hydantoin anticonvulsants
00378375001,Phenytek,"phenytoin 300 mg oral capsule, extended release",oral,hydantoin anticonvulsants
00378375093,Phenytek,"phenytoin 300 mg oral capsule, extended release",oral,hydantoin anticonvulsants
00378385001,Phenytoin,"phenytoin 50 mg oral tablet, chewable",oral,hydantoin anticonvulsants
00378385005,Phenytoin,"phenytoin 50 mg oral tablet, chewable",oral,hydantoin anticonvulsants
00378800801,Divalproex Sodium Sprinkles,divalproex sodium 125 mg oral delayed release capsule,oral,miscellaneous anticonvulsants
00378800805,Divalproex Sodium Sprinkles,divalproex sodium 125 mg oral delayed release capsule,oral,miscellaneous anticonvulsants
00472006708,Phenytoin,phenytoin 25 mg/mL oral suspension,oral,hydantoin anticonvulsants
00472500208,Phenytoin,phenytoin 25 mg/mL oral suspension,oral,hydantoin anticonvulsants
00472500259,Phenytoin,phenytoin 25 mg/mL oral suspension,oral,hydantoin anticonvulsants
00472500260,Phenytoin,phenytoin 25 mg/mL oral suspension,oral,hydantoin anticonvulsants
00591042616,Valproic Acid,valproic acid 250 mg/5 mL oral syrup,oral,miscellaneous anticonvulsants
00591401201,Valproic Acid,valproic acid 250 mg oral capsule,oral,miscellaneous anticonvulsants
00603150858,Phenobarbital,PHENobarbital 20 mg/5 mL oral elixir,oral,barbiturate anticonvulsants
00603184158,Valproic Acid,valproic acid 250 mg/5 mL oral syrup,oral,miscellaneous anticonvulsants
00603344121,Divalproex Sodium,divalproex sodium 125 mg oral delayed release tablet,oral,miscellaneous anticonvulsants
00603344125,Divalproex Sodium,divalproex sodium 125 mg oral delayed release tablet,oral,miscellaneous anticonvulsants
00603344221,Divalproex Sodium,divalproex sodium 250 mg oral delayed release tablet,oral,miscellaneous anticonvulsants
00603344228,Divalproex Sodium,divalproex sodium 250 mg oral delayed release tablet,oral,miscellaneous anticonvulsants
00603344321,Divalproex Sodium,divalproex sodium 500 mg oral delayed release tablet,oral,miscellaneous anticonvulsants
00603344328,Divalproex Sodium,divalproex sodium 500 mg oral delayed release tablet,oral,miscellaneous anticonvulsants
00603516521,Phenobarbital,PHENobarbital 16.2 mg oral tablet,oral,barbiturate anticonvulsants
00603516532,Phenobarbital,PHENobarbital 16.2 mg oral tablet,oral,barbiturate anticonvulsants
00603516602,Phenobarbital,PHENobarbital 32.4 mg oral tablet,oral,barbiturate anticonvulsants
00603516616,Phenobarbital,PHENobarbital 32.4 mg oral tablet,oral,barbiturate anticonvulsants
00603516620,Phenobarbital,PHENobarbital 32.4 mg oral tablet,oral,barbiturate anticonvulsants
00603516621,Phenobarbital,PHENobarbital 32.4 mg oral tablet,oral,barbiturate anticonvulsants
00603516622,Phenobarbital,PHENobarbital 32.4 mg oral tablet,oral,barbiturate anticonvulsants
00603516632,Phenobarbital,PHENobarbital 32.4 mg oral tablet,oral,barbiturate anticonvulsants
00603516721,Phenobarbital,PHENobarbital 64.8 mg oral tablet,oral,barbiturate anticonvulsants
00603516732,Phenobarbital,PHENobarbital 64.8 mg oral tablet,oral,barbiturate anticonvulsants
00603516821,Phenobarbital,PHENobarbital 97.2 mg oral tablet,oral,barbiturate anticonvulsants
00603516832,Phenobarbital,PHENobarbital 97.2 mg oral tablet,oral,barbiturate anticonvulsants
00781121701,Divalproex Sodium,divalproex sodium 125 mg oral delayed release tablet,oral,miscellaneous anticonvulsants
00781121801,Divalproex Sodium,divalproex sodium 250 mg oral delayed release tablet,oral,miscellaneous anticonvulsants
00781121805,Divalproex Sodium,divalproex sodium 250 mg oral delayed release tablet,oral,miscellaneous anticonvulsants
00781121901,Divalproex Sodium,divalproex sodium 500 mg oral delayed release tablet,oral,miscellaneous anticonvulsants
00781121905,Divalproex Sodium,divalproex sodium 500 mg oral delayed release tablet,oral,miscellaneous anticonvulsants
00781508701,CarBAMazepine ER,"carBAMazepine 200 mg oral tablet, extended release",oral,dibenzazepine anticonvulsants
00781508801,CarBAMazepine ER,"carBAMazepine 400 mg oral tablet, extended release",oral,dibenzazepine anticonvulsants
00781598701,CarBAMazepine ER,"carBAMazepine 200 mg oral tablet, extended release",oral,dibenzazepine anticonvulsants
00781598801,CarBAMazepine ER,"carBAMazepine 400 mg oral tablet, extended release",oral,dibenzazepine anticonvulsants
00832100800,Valproic Acid,valproic acid 250 mg oral capsule,oral,miscellaneous anticonvulsants
00904385461,CarBAMazepine,"carBAMazepine 100 mg oral tablet, chewable",oral,dibenzazepine anticonvulsants
00904385561,CarBAMazepine,carBAMazepine 200 mg oral tablet,oral,dibenzazepine anticonvulsants
00904599061,Divalproex Sodium ER,"divalproex sodium 250 mg oral tablet, extended release",oral,miscellaneous anticonvulsants
00904607361,Divalproex Sodium ER,"divalproex sodium 500 mg oral tablet, extended release",oral,miscellaneous anticonvulsants
00904617261,CarBAMazepine,carBAMazepine 200 mg oral tablet,oral,dibenzazepine anticonvulsants
00904618740,"Phenytoin Sodium, Extended Release","phenytoin 100 mg oral capsule, extended release",oral,hydantoin anticonvulsants
10370051010,Divalproex Sodium ER,"divalproex sodium 250 mg oral tablet, extended release",oral,miscellaneous anticonvulsants
10370051050,Divalproex Sodium ER,"divalproex sodium 250 mg oral tablet, extended release",oral,miscellaneous anticonvulsants
10370051110,Divalproex Sodium ER,"divalproex sodium 500 mg oral tablet, extended release",oral,miscellaneous anticonvulsants
10370051150,Divalproex Sodium ER,"divalproex sodium 500 mg oral tablet, extended release",oral,miscellaneous anticonvulsants
13668026801,CarBAMazepine,carBAMazepine 200 mg oral tablet,oral,dibenzazepine anticonvulsants
13668026805,CarBAMazepine,carBAMazepine 200 mg oral tablet,oral,dibenzazepine anticonvulsants
13668026810,CarBAMazepine,carBAMazepine 200 mg oral tablet,oral,dibenzazepine anticonvulsants
13668027101,CarBAMazepine,"carBAMazepine 100 mg oral tablet, chewable",oral,dibenzazepine anticonvulsants
13668027105,CarBAMazepine,"carBAMazepine 100 mg oral tablet, chewable",oral,dibenzazepine anticonvulsants
16571033016,Phenobarbital,PHENobarbital 20 mg/5 mL oral elixir,oral,barbiturate anticonvulsants
16590047530,CarBAMazepine,carBAMazepine 200 mg oral tablet,oral,dibenzazepine anticonvulsants
16590047560,CarBAMazepine,carBAMazepine 200 mg oral tablet,oral,dibenzazepine anticonvulsants
16590047572,CarBAMazepine,carBAMazepine 200 mg oral tablet,oral,dibenzazepine anticonvulsants
16590047590,CarBAMazepine,carBAMazepine 200 mg oral tablet,oral,dibenzazepine anticonvulsants
16714051101,Divalproex Sodium,divalproex sodium 125 mg oral delayed release tablet,oral,miscellaneous anticonvulsants
16714051201,Divalproex Sodium,divalproex sodium 250 mg oral delayed release tablet,oral,miscellaneous anticonvulsants
16714051202,Divalproex Sodium,divalproex sodium 250 mg oral delayed release tablet,oral,miscellaneous anticonvulsants
16714051301,Divalproex Sodium,divalproex sodium 500 mg oral delayed release tablet,oral,miscellaneous anticonvulsants
16714051302,Divalproex Sodium,divalproex sodium 500 mg oral delayed release tablet,oral,miscellaneous anticonvulsants
17856006730,Phenytoin,phenytoin 25 mg/mL oral suspension,oral,hydantoin anticonvulsants
17856062130,Valproic Acid,valproic acid 250 mg/5 mL oral syrup,oral,miscellaneous anticonvulsants
21695016315,Depakote ER,"divalproex sodium 500 mg oral tablet, extended release",oral,miscellaneous anticonvulsants
21695016730,"Phenytoin Sodium, Extended Release","phenytoin 100 mg oral capsule, extended release",oral,hydantoin anticonvulsants
21695041700,Valproic Acid,valproic acid 250 mg oral capsule,oral,miscellaneous anticonvulsants
21695041730,Valproic Acid,valproic acid 250 mg oral capsule,oral,miscellaneous anticonvulsants
21695041760,Valproic Acid,valproic acid 250 mg oral capsule,oral,miscellaneous anticonvulsants
21695081860,Divalproex Sodium,divalproex sodium 250 mg oral delayed release tablet,oral,miscellaneous anticonvulsants
21695081960,Divalproex Sodium,divalproex sodium 500 mg oral delayed release tablet,oral,miscellaneous anticonvulsants
23490520001,CarBAMazepine,carBAMazepine 200 mg oral tablet,oral,dibenzazepine anticonvulsants
23490652401,"Phenytoin Sodium, Extended Release","phenytoin 100 mg oral capsule, extended release",oral,hydantoin anticonvulsants
23490652402,"Phenytoin Sodium, Extended Release","phenytoin 100 mg oral capsule, extended release",oral,hydantoin anticonvulsants
23490766301,Depakote ER,"divalproex sodium 250 mg oral tablet, extended release",oral,miscellaneous anticonvulsants
29033000412,CarBAMazepine ER,"carBAMazepine 300 mg oral capsule, extended release",oral,dibenzazepine anticonvulsants
29033001912,CarBAMazepine ER,"carBAMazepine 100 mg oral capsule, extended release",oral,dibenzazepine anticonvulsants
29033002012,CarBAMazepine ER,"carBAMazepine 200 mg oral capsule, extended release",oral,dibenzazepine anticonvulsants
30698041912,Equetro,"carBAMazepine 100 mg oral capsule, extended release",oral,dibenzazepine anticonvulsants
30698042112,Equetro,"carBAMazepine 200 mg oral capsule, extended release",oral,dibenzazepine anticonvulsants
30698042312,Equetro,"carBAMazepine 300 mg oral capsule, extended release",oral,dibenzazepine anticonvulsants
33358010030,Depakote,divalproex sodium 250 mg oral delayed release tablet,oral,miscellaneous anticonvulsants
33358010060,Depakote,divalproex sodium 250 mg oral delayed release tablet,oral,miscellaneous anticonvulsants
35356034500,Depakote ER,"divalproex sodium 250 mg oral tablet, extended release",oral,miscellaneous anticonvulsants
43063029530,Divalproex Sodium ER,"divalproex sodium 500 mg oral tablet, extended release",oral,miscellaneous anticonvulsants
43063032812,CarBAMazepine,carBAMazepine 200 mg oral tablet,oral,dibenzazepine anticonvulsants
49158050401,CarBAMazepine,carBAMazepine 200 mg oral tablet,oral,dibenzazepine anticonvulsants
49158050410,CarBAMazepine,carBAMazepine 200 mg oral tablet,oral,dibenzazepine anticonvulsants
49158050450,CarBAMazepine,carBAMazepine 200 mg oral tablet,oral,dibenzazepine anticonvulsants
49999032230,Valproic Acid,valproic acid 250 mg oral capsule,oral,miscellaneous anticonvulsants
49999039430,Phenobarbital,PHENobarbital 30 mg oral tablet,oral,barbiturate anticonvulsants
49999039460,Phenobarbital,PHENobarbital 30 mg oral tablet,oral,barbiturate anticonvulsants
49999039490,Phenobarbital,PHENobarbital 30 mg oral tablet,oral,barbiturate anticonvulsants
49999057400,"Phenytoin Sodium, Extended Release","phenytoin 100 mg oral capsule, extended release",oral,hydantoin anticonvulsants
49999057415,"Phenytoin Sodium, Extended Release","phenytoin 100 mg oral capsule, extended release",oral,hydantoin anticonvulsants
49999061600,CarBAMazepine,carBAMazepine 200 mg oral tablet,oral,dibenzazepine anticonvulsants
49999061601,CarBAMazepine,carBAMazepine 200 mg oral tablet,oral,dibenzazepine anticonvulsants
49999061660,CarBAMazepine,carBAMazepine 200 mg oral tablet,oral,dibenzazepine anticonvulsants
49999078201,CarBAMazepine,"carBAMazepine 100 mg oral tablet, chewable",oral,dibenzazepine anticonvulsants
49999078260,CarBAMazepine,"carBAMazepine 100 mg oral tablet, chewable",oral,dibenzazepine anticonvulsants
49999086700,Phenobarbital,PHENobarbital 60 mg oral tablet,oral,barbiturate anticonvulsants
49999087400,Depakote,divalproex sodium 500 mg oral delayed release tablet,oral,miscellaneous anticonvulsants
49999087460,Depakote,divalproex sodium 500 mg oral delayed release tablet,oral,miscellaneous anticonvulsants
49999087500,Depakote ER,"divalproex sodium 500 mg oral tablet, extended release",oral,miscellaneous anticonvulsants
49999087560,Depakote ER,"divalproex sodium 500 mg oral tablet, extended release",oral,miscellaneous anticonvulsants
49999087600,Dilantin,"phenytoin 100 mg oral capsule, extended release",oral,hydantoin anticonvulsants
49999087630,Dilantin,"phenytoin 100 mg oral capsule, extended release",oral,hydantoin anticonvulsants
49999094130,Depakote,divalproex sodium 250 mg oral delayed release tablet,oral,miscellaneous anticonvulsants
49999094230,Depakote Sprinkles,divalproex sodium 125 mg oral delayed release capsule,oral,miscellaneous anticonvulsants
50111085201,Valproic Acid,valproic acid 250 mg oral capsule,oral,miscellaneous anticonvulsants
50111085202,Valproic Acid,valproic acid 250 mg oral capsule,oral,miscellaneous anticonvulsants
50268066015,"Phenytoin Sodium, Extended Release","phenytoin 100 mg oral capsule, extended release",oral,hydantoin anticonvulsants
50383079216,Valproic Acid,valproic acid 250 mg/5 mL oral syrup,oral,miscellaneous anticonvulsants
50962022660,Valproic Acid,valproic acid 250 mg/5 mL oral syrup,oral,miscellaneous anticonvulsants
51079009501,Phenobarbital,PHENobarbital 30 mg oral tablet,oral,barbiturate anticonvulsants
51079009520,Phenobarbital,PHENobarbital 30 mg oral tablet,oral,barbiturate anticonvulsants
51079012901,Phenytoin,"phenytoin 50 mg oral tablet, chewable",oral,hydantoin anticonvulsants
51079012906,Phenytoin,"phenytoin 50 mg oral tablet, chewable",oral,hydantoin anticonvulsants
51079029801,Valproic Acid,valproic acid 250 mg oral capsule,oral,miscellaneous anticonvulsants
51079029808,Valproic Acid,valproic acid 250 mg oral capsule,oral,miscellaneous anticonvulsants
51079029820,Valproic Acid,valproic acid 250 mg oral capsule,oral,miscellaneous anticonvulsants
51079029830,Valproic Acid,valproic acid 250 mg oral capsule,oral,miscellaneous anticonvulsants
51079029856,Valproic Acid,valproic acid 250 mg oral capsule,oral,miscellaneous anticonvulsants
51079038501,CarBAMazepine,carBAMazepine 200 mg oral tablet,oral,dibenzazepine anticonvulsants
51079038517,CarBAMazepine,carBAMazepine 200 mg oral tablet,oral,dibenzazepine anticonvulsants
51079038519,CarBAMazepine,carBAMazepine 200 mg oral tablet,oral,dibenzazepine anticonvulsants
51079038520,CarBAMazepine,carBAMazepine 200 mg oral tablet,oral,dibenzazepine anticonvulsants
51079047401,Divalproex Sodium,divalproex sodium 250 mg oral delayed release tablet,oral,miscellaneous anticonvulsants
51079047420,Divalproex Sodium,divalproex sodium 250 mg oral delayed release tablet,oral,miscellaneous anticonvulsants
51079047501,Divalproex Sodium,divalproex sodium 500 mg oral delayed release tablet,oral,miscellaneous anticonvulsants
51079047508,Divalproex Sodium,divalproex sodium 500 mg oral delayed release tablet,oral,miscellaneous anticonvulsants
51079047520,Divalproex Sodium,divalproex sodium 500 mg oral delayed release tablet,oral,miscellaneous anticonvulsants
51079076501,Divalproex Sodium Sprinkles,divalproex sodium 125 mg oral delayed release capsule,oral,miscellaneous anticonvulsants
51079076508,Divalproex Sodium Sprinkles,divalproex sodium 125 mg oral delayed release capsule,oral,miscellaneous anticonvulsants
51079076530,Divalproex Sodium Sprinkles,divalproex sodium 125 mg oral delayed release capsule,oral,miscellaneous anticonvulsants
51079076556,Divalproex Sodium Sprinkles,divalproex sodium 125 mg oral delayed release capsule,oral,miscellaneous anticonvulsants
51079076601,Divalproex Sodium ER,"divalproex sodium 250 mg oral tablet, extended release",oral,miscellaneous anticonvulsants
51079076608,Divalproex Sodium ER,"divalproex sodium 250 mg oral tablet, extended release",oral,miscellaneous anticonvulsants
51079076701,Divalproex Sodium ER,"divalproex sodium 500 mg oral tablet, extended release",oral,miscellaneous anticonvulsants
51079076708,Divalproex Sodium ER,"divalproex sodium 500 mg oral tablet, extended release",oral,miscellaneous anticonvulsants
51079076730,Divalproex Sodium ER,"divalproex sodium 500 mg oral tablet, extended release",oral,miscellaneous anticonvulsants
51079076756,Divalproex Sodium ER,"divalproex sodium 500 mg oral tablet, extended release",oral,miscellaneous anticonvulsants
51079087001,CarBAMazepine,"carBAMazepine 100 mg oral tablet, chewable",oral,dibenzazepine anticonvulsants
51079087020,CarBAMazepine,"carBAMazepine 100 mg oral tablet, chewable",oral,dibenzazepine anticonvulsants
51079090501,"Phenytoin Sodium, Extended Release","phenytoin 100 mg oral capsule, extended release",oral,hydantoin anticonvulsants
51079090517,"Phenytoin Sodium, Extended Release","phenytoin 100 mg oral capsule, extended release",oral,hydantoin anticonvulsants
51079090519,"Phenytoin Sodium, Extended Release","phenytoin 100 mg oral capsule, extended release",oral,hydantoin anticonvulsants
51079090520,"Phenytoin Sodium, Extended Release","phenytoin 100 mg oral capsule, extended release",oral,hydantoin anticonvulsants
51079090530,"Phenytoin Sodium, Extended Release","phenytoin 100 mg oral capsule, extended release",oral,hydantoin anticonvulsants
51079090556,"Phenytoin Sodium, Extended Release","phenytoin 100 mg oral capsule, extended release",oral,hydantoin anticonvulsants
51079090557,"Phenytoin Sodium, Extended Release","phenytoin 100 mg oral capsule, extended release",oral,hydantoin anticonvulsants
51655095327,CarBAMazepine,carBAMazepine 200 mg oral tablet,oral,dibenzazepine anticonvulsants
51672400501,CarBAMazepine,carBAMazepine 200 mg oral tablet,oral,dibenzazepine anticonvulsants
51672400502,CarBAMazepine,carBAMazepine 200 mg oral tablet,oral,dibenzazepine anticonvulsants
51672400503,CarBAMazepine,carBAMazepine 200 mg oral tablet,oral,dibenzazepine anticonvulsants
51672404101,CarBAMazepine,"carBAMazepine 100 mg oral tablet, chewable",oral,dibenzazepine anticonvulsants
51672404102,CarBAMazepine,"carBAMazepine 100 mg oral tablet, chewable",oral,dibenzazepine anticonvulsants
51672404709,CarBAMazepine,carBAMazepine 100 mg/5 mL oral suspension,oral,dibenzazepine anticonvulsants
51672406901,Phenytoin,phenytoin 25 mg/mL oral suspension,oral,hydantoin anticonvulsants
51672411101,"Phenytoin Sodium, Extended Release","phenytoin 100 mg oral capsule, extended release",oral,hydantoin anticonvulsants
51672411103,"Phenytoin Sodium, Extended Release","phenytoin 100 mg oral capsule, extended release",oral,hydantoin anticonvulsants
51672412401,CarBAMazepine ER,"carBAMazepine 200 mg oral tablet, extended release",oral,dibenzazepine anticonvulsants
51672412501,CarBAMazepine ER,"carBAMazepine 400 mg oral tablet, extended release",oral,dibenzazepine anticonvulsants
52446007528,CarBAMazepine,carBAMazepine 200 mg oral tablet,oral,dibenzazepine anticonvulsants
52959014242,Depakote,divalproex sodium 125 mg oral delayed release tablet,oral,miscellaneous anticonvulsants
52959017400,TEGretol,carBAMazepine 200 mg oral tablet,oral,dibenzazepine anticonvulsants
52959067160,Valproic Acid,valproic acid 250 mg oral capsule,oral,miscellaneous anticonvulsants
54092017112,Carbatrol,"carBAMazepine 100 mg oral capsule, extended release",oral,dibenzazepine anticonvulsants
54092017212,Carbatrol,"carBAMazepine 200 mg oral capsule, extended release",oral,dibenzazepine anticonvulsants
54092017312,Carbatrol,"carBAMazepine 300 mg oral capsule, extended release",oral,dibenzazepine anticonvulsants
54569016301,TEGretol,carBAMazepine 200 mg oral tablet,oral,dibenzazepine anticonvulsants
54569016502,TEGretol,"carBAMazepine 100 mg oral tablet, chewable",oral,dibenzazepine anticonvulsants
54569026100,Depakote,divalproex sodium 250 mg oral delayed release tablet,oral,miscellaneous anticonvulsants
54569093800,Phenobarbital,PHENobarbital 30 mg oral tablet,oral,barbiturate anticonvulsants
54569093801,Phenobarbital,PHENobarbital 30 mg oral tablet,oral,barbiturate anticonvulsants
54569093802,Phenobarbital,PHENobarbital 30 mg oral tablet,oral,barbiturate anticonvulsants
54569265500,CarBAMazepine,carBAMazepine 200 mg oral tablet,oral,dibenzazepine anticonvulsants
54569265501,CarBAMazepine,carBAMazepine 200 mg oral tablet,oral,dibenzazepine anticonvulsants
54569265503,CarBAMazepine,carBAMazepine 200 mg oral tablet,oral,dibenzazepine anticonvulsants
54569265505,CarBAMazepine,carBAMazepine 200 mg oral tablet,oral,dibenzazepine anticonvulsants
54569279501,CarBAMazepine,"carBAMazepine 100 mg oral tablet, chewable",oral,dibenzazepine anticonvulsants
54569515100,"Phenytoin Sodium, Extended Release","phenytoin 100 mg oral capsule, extended release",oral,hydantoin anticonvulsants
54569611400,Divalproex Sodium,divalproex sodium 250 mg oral delayed release tablet,oral,miscellaneous anticonvulsants
54569623300,Divalproex Sodium ER,"divalproex sodium 500 mg oral tablet, extended release",oral,miscellaneous anticonvulsants
54868004000,"Phenytoin Sodium, Extended Release","phenytoin 100 mg oral capsule, extended release",oral,hydantoin anticonvulsants
54868004001,"Phenytoin Sodium, Extended Release","phenytoin 100 mg oral capsule, extended release",oral,hydantoin anticonvulsants
54868004002,"Phenytoin Sodium, Extended Release","phenytoin 100 mg oral capsule, extended release",oral,hydantoin anticonvulsants
54868014700,CarBAMazepine,carBAMazepine 200 mg oral tablet,oral,dibenzazepine anticonvulsants
54868014701,CarBAMazepine,carBAMazepine 200 mg oral tablet,oral,dibenzazepine anticonvulsants
54868014702,CarBAMazepine,carBAMazepine 200 mg oral tablet,oral,dibenzazepine anticonvulsants
54868014704,CarBAMazepine,carBAMazepine 200 mg oral tablet,oral,dibenzazepine anticonvulsants
54868014705,CarBAMazepine,carBAMazepine 200 mg oral tablet,oral,dibenzazepine anticonvulsants
54868014706,CarBAMazepine,carBAMazepine 200 mg oral tablet,oral,dibenzazepine anticonvulsants
54868032500,Dilantin,"phenytoin 100 mg oral capsule, extended release",oral,hydantoin anticonvulsants
54868032501,Dilantin,"phenytoin 100 mg oral capsule, extended release",oral,hydantoin anticonvulsants
54868032502,Dilantin,"phenytoin 100 mg oral capsule, extended release",oral,hydantoin anticonvulsants
54868032503,Dilantin,"phenytoin 100 mg oral capsule, extended release",oral,hydantoin anticonvulsants
54868032504,Dilantin,"phenytoin 100 mg oral capsule, extended release",oral,hydantoin anticonvulsants
54868032507,Dilantin,"phenytoin 100 mg oral capsule, extended release",oral,hydantoin anticonvulsants
54868120801,Depakote,divalproex sodium 250 mg oral delayed release tablet,oral,miscellaneous anticonvulsants
54868120803,Depakote,divalproex sodium 250 mg oral delayed release tablet,oral,miscellaneous anticonvulsants
54868120804,Depakote,divalproex sodium 250 mg oral delayed release tablet,oral,miscellaneous anticonvulsants
54868120805,Depakote,divalproex sodium 250 mg oral delayed release tablet,oral,miscellaneous anticonvulsants
54868120806,Depakote,divalproex sodium 250 mg oral delayed release tablet,oral,miscellaneous anticonvulsants
54868121901,Phenobarbital,PHENobarbital 60 mg oral tablet,oral,barbiturate anticonvulsants
54868121902,Phenobarbital,PHENobarbital 60 mg oral tablet,oral,barbiturate anticonvulsants
54868121903,Phenobarbital,PHENobarbital 60 mg oral tablet,oral,barbiturate anticonvulsants
54868121904,Phenobarbital,PHENobarbital 60 mg oral tablet,oral,barbiturate anticonvulsants
54868123501,TEGretol,"carBAMazepine 100 mg oral tablet, chewable",oral,dibenzazepine anticonvulsants
54868123503,TEGretol,"carBAMazepine 100 mg oral tablet, chewable",oral,dibenzazepine anticonvulsants
54868148601,Dilantin,"phenytoin 30 mg oral capsule, extended release",oral,hydantoin anticonvulsants
54868168901,Valproic Acid,valproic acid 250 mg oral capsule,oral,miscellaneous anticonvulsants
54868168902,Valproic Acid,valproic acid 250 mg oral capsule,oral,miscellaneous anticonvulsants
54868168903,Valproic Acid,valproic acid 250 mg oral capsule,oral,miscellaneous anticonvulsants
54868169800,Phenobarbital,PHENobarbital 30 mg oral tablet,oral,barbiturate anticonvulsants
54868169802,Phenobarbital,PHENobarbital 30 mg oral tablet,oral,barbiturate anticonvulsants
54868169803,Phenobarbital,PHENobarbital 30 mg oral tablet,oral,barbiturate anticonvulsants
54868197500,TEGretol,carBAMazepine 200 mg oral tablet,oral,dibenzazepine anticonvulsants
54868203800,Phenytoin,phenytoin 25 mg/mL oral suspension,oral,hydantoin anticonvulsants
54868246201,CarBAMazepine,"carBAMazepine 100 mg oral tablet, chewable",oral,dibenzazepine anticonvulsants
54868246202,CarBAMazepine,"carBAMazepine 100 mg oral tablet, chewable",oral,dibenzazepine anticonvulsants
54868246203,CarBAMazepine,"carBAMazepine 100 mg oral tablet, chewable",oral,dibenzazepine anticonvulsants
54868254401,Depakote,divalproex sodium 500 mg oral delayed release tablet,oral,miscellaneous anticonvulsants
54868254403,Depakote,divalproex sodium 500 mg oral delayed release tablet,oral,miscellaneous anticonvulsants
54868254404,Depakote,divalproex sodium 500 mg oral delayed release tablet,oral,miscellaneous anticonvulsants
54868255100,Dilantin Infatabs,"phenytoin 50 mg oral tablet, chewable",oral,hydantoin anticonvulsants
54868277600,Dilantin-125,phenytoin 25 mg/mL oral suspension,oral,hydantoin anticonvulsants
54868338100,Phenobarbital,PHENobarbital 100 mg oral tablet,oral,barbiturate anticonvulsants
54868386200,TEGretol XR,"carBAMazepine 400 mg oral tablet, extended release",oral,dibenzazepine anticonvulsants
54868406700,TEGretol XR,"carBAMazepine 100 mg oral tablet, extended release",oral,dibenzazepine anticonvulsants
54868406701,TEGretol XR,"carBAMazepine 100 mg oral tablet, extended release",oral,dibenzazepine anticonvulsants
54868428500,Valproic Acid,valproic acid 250 mg/5 mL oral syrup,oral,miscellaneous anticonvulsants
54868495900,Depakote ER,"divalproex sodium 500 mg oral tablet, extended release",oral,miscellaneous anticonvulsants
54868495901,Depakote ER,"divalproex sodium 500 mg oral tablet, extended release",oral,miscellaneous anticonvulsants
54868543200,Carbatrol,"carBAMazepine 300 mg oral capsule, extended release",oral,dibenzazepine anticonvulsants
54868552500,Depakote ER,"divalproex sodium 250 mg oral tablet, extended release",oral,miscellaneous anticonvulsants
54868552501,Depakote ER,"divalproex sodium 250 mg oral tablet, extended release",oral,miscellaneous anticonvulsants
54868553400,"Phenytoin Sodium, Extended Release","phenytoin 100 mg oral capsule, extended release",oral,hydantoin anticonvulsants
54868553401,"Phenytoin Sodium, Extended Release","phenytoin 100 mg oral capsule, extended release",oral,hydantoin anticonvulsants
54868553402,"Phenytoin Sodium, Extended Release","phenytoin 100 mg oral capsule, extended release",oral,hydantoin anticonvulsants
54868561000,TEGretol XR,"carBAMazepine 200 mg oral tablet, extended release",oral,dibenzazepine anticonvulsants
54868561001,TEGretol XR,"carBAMazepine 200 mg oral tablet, extended release",oral,dibenzazepine anticonvulsants
55045208808,CarBAMazepine,carBAMazepine 200 mg oral tablet,oral,dibenzazepine anticonvulsants
55045248408,Depakote,divalproex sodium 250 mg oral delayed release tablet,oral,miscellaneous anticonvulsants
55045289900,"Phenytoin Sodium, Extended Release","phenytoin 100 mg oral capsule, extended release",oral,hydantoin anticonvulsants
55045289908,"Phenytoin Sodium, Extended Release","phenytoin 100 mg oral capsule, extended release",oral,hydantoin anticonvulsants
55045289909,"Phenytoin Sodium, Extended Release","phenytoin 100 mg oral capsule, extended release",oral,hydantoin anticonvulsants
55045302701,CarBAMazepine,"carBAMazepine 100 mg oral tablet, chewable",oral,dibenzazepine anticonvulsants
55111052901,Divalproex Sodium,divalproex sodium 125 mg oral delayed release tablet,oral,miscellaneous anticonvulsants
55111053001,Divalproex Sodium,divalproex sodium 250 mg oral delayed release tablet,oral,miscellaneous anticonvulsants
55111053101,Divalproex Sodium,divalproex sodium 500 mg oral delayed release tablet,oral,miscellaneous anticonvulsants
55111053201,Divalproex Sodium Sprinkles,divalproex sodium 125 mg oral delayed release capsule,oral,miscellaneous anticonvulsants
55111053205,Divalproex Sodium Sprinkles,divalproex sodium 125 mg oral delayed release capsule,oral,miscellaneous anticonvulsants
55289016597,Phenobarbital,PHENobarbital 15 mg oral tablet,oral,barbiturate anticonvulsants
55289021030,CarBAMazepine,carBAMazepine 200 mg oral tablet,oral,dibenzazepine anticonvulsants
55289033701,Phenobarbital,PHENobarbital 30 mg oral tablet,oral,barbiturate anticonvulsants
55289040430,Depakote ER,"divalproex sodium 500 mg oral tablet, extended release",oral,miscellaneous anticonvulsants
55289053501,Phenobarbital,PHENobarbital 32.4 mg oral tablet,oral,barbiturate anticonvulsants
55289074630,"Phenytoin Sodium, Extended Release","phenytoin 100 mg oral capsule, extended release",oral,hydantoin anticonvulsants
55289090660,"Phenytoin Sodium, Extended Release","phenytoin 100 mg oral capsule, extended release",oral,hydantoin anticonvulsants
55289099130,Depakote Sprinkles,divalproex sodium 125 mg oral delayed release capsule,oral,miscellaneous anticonvulsants
55887034530,CarBAMazepine,carBAMazepine 200 mg oral tablet,oral,dibenzazepine anticonvulsants
55887050830,"Phenytoin Sodium, Extended Release","phenytoin 100 mg oral capsule, extended release",oral,hydantoin anticonvulsants
55887050860,"Phenytoin Sodium, Extended Release","phenytoin 100 mg oral capsule, extended release",oral,hydantoin anticonvulsants
55887050890,"Phenytoin Sodium, Extended Release","phenytoin 100 mg oral capsule, extended release",oral,hydantoin anticonvulsants
55887075730,Phenobarbital,PHENobarbital 30 mg oral tablet,oral,barbiturate anticonvulsants
57664012434,Valproic Acid,valproic acid 250 mg/5 mL oral syrup,oral,miscellaneous anticonvulsants
57664034213,CarBAMazepine,"carBAMazepine 100 mg oral tablet, chewable",oral,dibenzazepine anticonvulsants
57664034288,CarBAMazepine,"carBAMazepine 100 mg oral tablet, chewable",oral,dibenzazepine anticonvulsants
57664053313,CarBAMazepine,carBAMazepine 200 mg oral tablet,oral,dibenzazepine anticonvulsants
57664053318,CarBAMazepine,carBAMazepine 200 mg oral tablet,oral,dibenzazepine anticonvulsants
57664053388,CarBAMazepine,carBAMazepine 200 mg oral tablet,oral,dibenzazepine anticonvulsants
57866341501,CarBAMazepine,carBAMazepine 200 mg oral tablet,oral,dibenzazepine anticonvulsants
57866341502,CarBAMazepine,carBAMazepine 200 mg oral tablet,oral,dibenzazepine anticonvulsants
57866341503,CarBAMazepine,carBAMazepine 200 mg oral tablet,oral,dibenzazepine anticonvulsants
57866341504,CarBAMazepine,carBAMazepine 200 mg oral tablet,oral,dibenzazepine anticonvulsants
57866447701,Valproic Acid,valproic acid 250 mg oral capsule,oral,miscellaneous anticonvulsants
58016008500,Valproic Acid,valproic acid 250 mg oral capsule,oral,miscellaneous anticonvulsants
58016008530,Valproic Acid,valproic acid 250 mg oral capsule,oral,miscellaneous anticonvulsants
58016008560,Valproic Acid,valproic acid 250 mg oral capsule,oral,miscellaneous anticonvulsants
58016008590,Valproic Acid,valproic acid 250 mg oral capsule,oral,miscellaneous anticonvulsants
58016031900,"Phenytoin Sodium, Extended Release","phenytoin 100 mg oral capsule, extended release",oral,hydantoin anticonvulsants
58016031930,"Phenytoin Sodium, Extended Release","phenytoin 100 mg oral capsule, extended release",oral,hydantoin anticonvulsants
58016031960,"Phenytoin Sodium, Extended Release","phenytoin 100 mg oral capsule, extended release",oral,hydantoin anticonvulsants
58016031990,"Phenytoin Sodium, Extended Release","phenytoin 100 mg oral capsule, extended release",oral,hydantoin anticonvulsants
58016050100,CarBAMazepine,"carBAMazepine 100 mg oral tablet, chewable",oral,dibenzazepine anticonvulsants
58016050110,CarBAMazepine,"carBAMazepine 100 mg oral tablet, chewable",oral,dibenzazepine anticonvulsants
58016050115,CarBAMazepine,"carBAMazepine 100 mg oral tablet, chewable",oral,dibenzazepine anticonvulsants
58016050120,CarBAMazepine,"carBAMazepine 100 mg oral tablet, chewable",oral,dibenzazepine anticonvulsants
58016050130,CarBAMazepine,"carBAMazepine 100 mg oral tablet, chewable",oral,dibenzazepine anticonvulsants
58016050140,CarBAMazepine,"carBAMazepine 100 mg oral tablet, chewable",oral,dibenzazepine anticonvulsants
58016050160,CarBAMazepine,"carBAMazepine 100 mg oral tablet, chewable",oral,dibenzazepine anticonvulsants
58016050190,CarBAMazepine,"carBAMazepine 100 mg oral tablet, chewable",oral,dibenzazepine anticonvulsants
58016068700,Depakote,divalproex sodium 250 mg oral delayed release tablet,oral,miscellaneous anticonvulsants
58016068730,Depakote,divalproex sodium 250 mg oral delayed release tablet,oral,miscellaneous anticonvulsants
58016068760,Depakote,divalproex sodium 250 mg oral delayed release tablet,oral,miscellaneous anticonvulsants
58016068790,Depakote,divalproex sodium 250 mg oral delayed release tablet,oral,miscellaneous anticonvulsants
58016077400,Depakote,divalproex sodium 500 mg oral delayed release tablet,oral,miscellaneous anticonvulsants
58016077430,Depakote,divalproex sodium 500 mg oral delayed release tablet,oral,miscellaneous anticonvulsants
58016077460,Depakote,divalproex sodium 500 mg oral delayed release tablet,oral,miscellaneous anticonvulsants
58016077490,Depakote,divalproex sodium 500 mg oral delayed release tablet,oral,miscellaneous anticonvulsants
58016082606,Phenobarbital,PHENobarbital 30 mg oral tablet,oral,barbiturate anticonvulsants
58016082650,Phenobarbital,PHENobarbital 30 mg oral tablet,oral,barbiturate anticonvulsants
58016096800,CarBAMazepine,carBAMazepine 200 mg oral tablet,oral,dibenzazepine anticonvulsants
58016096802,CarBAMazepine,carBAMazepine 200 mg oral tablet,oral,dibenzazepine anticonvulsants
58016096830,CarBAMazepine,carBAMazepine 200 mg oral tablet,oral,dibenzazepine anticonvulsants
58016096860,CarBAMazepine,carBAMazepine 200 mg oral tablet,oral,dibenzazepine anticonvulsants
58016096890,CarBAMazepine,carBAMazepine 200 mg oral tablet,oral,dibenzazepine anticonvulsants
58016486301,Phenytek,"phenytoin 300 mg oral capsule, extended release",oral,hydantoin anticonvulsants
58864003742,Dilantin,"phenytoin 100 mg oral capsule, extended release",oral,hydantoin anticonvulsants
58864050990,Dilantin,"phenytoin 100 mg oral capsule, extended release",oral,hydantoin anticonvulsants
58864063030,Depakote ER,"divalproex sodium 250 mg oral tablet, extended release",oral,miscellaneous anticonvulsants
58864063060,Depakote,divalproex sodium 250 mg oral delayed release tablet,oral,miscellaneous anticonvulsants
58864063098,Depakote ER,"divalproex sodium 250 mg oral tablet, extended release",oral,miscellaneous anticonvulsants
58864063128,TEGretol,carBAMazepine 200 mg oral tablet,oral,dibenzazepine anticonvulsants
58864078830,TEGretol XR,"carBAMazepine 200 mg oral tablet, extended release",oral,dibenzazepine anticonvulsants
58864080530,Depakote,divalproex sodium 500 mg oral delayed release tablet,oral,miscellaneous anticonvulsants
58864080560,Depakote,divalproex sodium 500 mg oral delayed release tablet,oral,miscellaneous anticonvulsants
58864082960,Valproic Acid,valproic acid 250 mg oral capsule,oral,miscellaneous anticonvulsants
58864084330,CarBAMazepine,carBAMazepine 200 mg oral tablet,oral,dibenzazepine anticonvulsants
59762053101,Phenytoin,phenytoin 25 mg/mL oral suspension,oral,hydantoin anticonvulsants
59762130301,Divalproex Sodium,divalproex sodium 125 mg oral delayed release tablet,oral,miscellaneous anticonvulsants
59762130401,Divalproex Sodium,divalproex sodium 250 mg oral delayed release tablet,oral,miscellaneous anticonvulsants
59762130501,Divalproex Sodium,divalproex sodium 500 mg oral delayed release tablet,oral,miscellaneous anticonvulsants
59762521001,Phenytoin,"phenytoin 50 mg oral tablet, chewable",oral,hydantoin anticonvulsants
60429012045,CarBAMazepine,carBAMazepine 100 mg/5 mL oral suspension,oral,dibenzazepine anticonvulsants
60429093201,CarBAMazepine,carBAMazepine 200 mg oral tablet,oral,dibenzazepine anticonvulsants
60429093210,CarBAMazepine,carBAMazepine 200 mg oral tablet,oral,dibenzazepine anticonvulsants
60429093405,CarBAMazepine,"carBAMazepine 100 mg oral tablet, chewable",oral,dibenzazepine anticonvulsants
60432012916,CarBAMazepine,carBAMazepine 100 mg/5 mL oral suspension,oral,dibenzazepine anticonvulsants
60432013108,Phenytoin,phenytoin 25 mg/mL oral suspension,oral,hydantoin anticonvulsants
60432062116,Valproic Acid,valproic acid 250 mg/5 mL oral syrup,oral,miscellaneous anticonvulsants
60505018300,CarBAMazepine,carBAMazepine 200 mg oral tablet,oral,dibenzazepine anticonvulsants
60505018301,CarBAMazepine,carBAMazepine 200 mg oral tablet,oral,dibenzazepine anticonvulsants
60505018305,CarBAMazepine,carBAMazepine 200 mg oral tablet,oral,dibenzazepine anticonvulsants
60505280507,CarBAMazepine ER,"carBAMazepine 100 mg oral capsule, extended release",oral,dibenzazepine anticonvulsants
60505280607,CarBAMazepine ER,"carBAMazepine 200 mg oral capsule, extended release",oral,dibenzazepine anticonvulsants
60505280707,CarBAMazepine ER,"carBAMazepine 300 mg oral capsule, extended release",oral,dibenzazepine anticonvulsants
60505306501,Divalproex Sodium,divalproex sodium 125 mg oral delayed release tablet,oral,miscellaneous anticonvulsants
60505306601,Divalproex Sodium,divalproex sodium 250 mg oral delayed release tablet,oral,miscellaneous anticonvulsants
60505306605,Divalproex Sodium,divalproex sodium 250 mg oral delayed release tablet,oral,miscellaneous anticonvulsants
60505306701,Divalproex Sodium,divalproex sodium 500 mg oral delayed release tablet,oral,miscellaneous anticonvulsants
60505306705,Divalproex Sodium,divalproex sodium 500 mg oral delayed release tablet,oral,miscellaneous anticonvulsants
61392003834,CarBAMazepine,carBAMazepine 200 mg oral tablet,oral,dibenzazepine anticonvulsants
61392003845,CarBAMazepine,carBAMazepine 200 mg oral tablet,oral,dibenzazepine anticonvulsants
61392003856,CarBAMazepine,carBAMazepine 200 mg oral tablet,oral,dibenzazepine anticonvulsants
61392003891,CarBAMazepine,carBAMazepine 200 mg oral tablet,oral,dibenzazepine anticonvulsants
61392009730,CarBAMazepine,"carBAMazepine 100 mg oral tablet, chewable",oral,dibenzazepine anticonvulsants
61392009731,CarBAMazepine,"carBAMazepine 100 mg oral tablet, chewable",oral,dibenzazepine anticonvulsants
61392009732,CarBAMazepine,"carBAMazepine 100 mg oral tablet, chewable",oral,dibenzazepine anticonvulsants
61392009739,CarBAMazepine,"carBAMazepine 100 mg oral tablet, chewable",oral,dibenzazepine anticonvulsants
61392009745,CarBAMazepine,"carBAMazepine 100 mg oral tablet, chewable",oral,dibenzazepine anticonvulsants
61392009751,CarBAMazepine,"carBAMazepine 100 mg oral tablet, chewable",oral,dibenzazepine anticonvulsants
61392009754,CarBAMazepine,"carBAMazepine 100 mg oral tablet, chewable",oral,dibenzazepine anticonvulsants
61392009760,CarBAMazepine,"carBAMazepine 100 mg oral tablet, chewable",oral,dibenzazepine anticonvulsants
61392009790,CarBAMazepine,"carBAMazepine 100 mg oral tablet, chewable",oral,dibenzazepine anticonvulsants
61392009791,CarBAMazepine,"carBAMazepine 100 mg oral tablet, chewable",oral,dibenzazepine anticonvulsants
61392015730,Valproic Acid,valproic acid 250 mg oral capsule,oral,miscellaneous anticonvulsants
61392015732,Valproic Acid,valproic acid 250 mg oral capsule,oral,miscellaneous anticonvulsants
61392015739,Valproic Acid,valproic acid 250 mg oral capsule,oral,miscellaneous anticonvulsants
61392015745,Valproic Acid,valproic acid 250 mg oral capsule,oral,miscellaneous anticonvulsants
61392015751,Valproic Acid,valproic acid 250 mg oral capsule,oral,miscellaneous anticonvulsants
61392015754,Valproic Acid,valproic acid 250 mg oral capsule,oral,miscellaneous anticonvulsants
61392015760,Valproic Acid,valproic acid 250 mg oral capsule,oral,miscellaneous anticonvulsants
61392015790,Valproic Acid,valproic acid 250 mg oral capsule,oral,miscellaneous anticonvulsants
61392015791,Valproic Acid,valproic acid 250 mg oral capsule,oral,miscellaneous anticonvulsants
61392038232,Phenobarbital,PHENobarbital 15 mg oral tablet,oral,barbiturate anticonvulsants
61392038245,Phenobarbital,PHENobarbital 15 mg oral tablet,oral,barbiturate anticonvulsants
61392038251,Phenobarbital,PHENobarbital 15 mg oral tablet,oral,barbiturate anticonvulsants
61392038254,Phenobarbital,PHENobarbital 15 mg oral tablet,oral,barbiturate anticonvulsants
61392038256,Phenobarbital,PHENobarbital 15 mg oral tablet,oral,barbiturate anticonvulsants
61392038291,Phenobarbital,PHENobarbital 15 mg oral tablet,oral,barbiturate anticonvulsants
61392039145,Phenobarbital,PHENobarbital 30 mg oral tablet,oral,barbiturate anticonvulsants
61392039154,Phenobarbital,PHENobarbital 30 mg oral tablet,oral,barbiturate anticonvulsants
61392039156,Phenobarbital,PHENobarbital 30 mg oral tablet,oral,barbiturate anticonvulsants
61392039191,Phenobarbital,PHENobarbital 30 mg oral tablet,oral,barbiturate anticonvulsants
61392039230,Phenobarbital,PHENobarbital 64.8 mg oral tablet,oral,barbiturate anticonvulsants
61392039231,Phenobarbital,PHENobarbital 64.8 mg oral tablet,oral,barbiturate anticonvulsants
61392039232,Phenobarbital,PHENobarbital 64.8 mg oral tablet,oral,barbiturate anticonvulsants
61392039239,Phenobarbital,PHENobarbital 64.8 mg oral tablet,oral,barbiturate anticonvulsants
61392039245,Phenobarbital,PHENobarbital 64.8 mg oral tablet,oral,barbiturate anticonvulsants
61392039251,Phenobarbital,PHENobarbital 64.8 mg oral tablet,oral,barbiturate anticonvulsants
61392039254,Phenobarbital,PHENobarbital 64.8 mg oral tablet,oral,barbiturate anticonvulsants
61392039260,Phenobarbital,PHENobarbital 64.8 mg oral tablet,oral,barbiturate anticonvulsants
61392039290,Phenobarbital,PHENobarbital 64.8 mg oral tablet,oral,barbiturate anticonvulsants
61392039291,Phenobarbital,PHENobarbital 64.8 mg oral tablet,oral,barbiturate anticonvulsants
62584063901,CarBAMazepine,"carBAMazepine 100 mg oral tablet, chewable",oral,dibenzazepine anticonvulsants
62584063911,CarBAMazepine,"carBAMazepine 100 mg oral tablet, chewable",oral,dibenzazepine anticonvulsants
62756029983,"Phenytoin Sodium, Extended Release","phenytoin 200 mg oral capsule, extended release",oral,hydantoin anticonvulsants
62756029988,"Phenytoin Sodium, Extended Release","phenytoin 200 mg oral capsule, extended release",oral,hydantoin anticonvulsants
62756040201,"Phenytoin Sodium, Extended Release","phenytoin 100 mg oral capsule, extended release",oral,hydantoin anticonvulsants
62756040203,"Phenytoin Sodium, Extended Release","phenytoin 100 mg oral capsule, extended release",oral,hydantoin anticonvulsants
62756043283,"Phenytoin Sodium, Extended Release","phenytoin 300 mg oral capsule, extended release",oral,hydantoin anticonvulsants
62756043288,"Phenytoin Sodium, Extended Release","phenytoin 300 mg oral capsule, extended release",oral,hydantoin anticonvulsants
62756079613,Divalproex Sodium,divalproex sodium 125 mg oral delayed release tablet,oral,miscellaneous anticonvulsants
62756079688,Divalproex Sodium,divalproex sodium 125 mg oral delayed release tablet,oral,miscellaneous anticonvulsants
62756079713,Divalproex Sodium,divalproex sodium 250 mg oral delayed release tablet,oral,miscellaneous anticonvulsants
62756079788,Divalproex Sodium,divalproex sodium 250 mg oral delayed release tablet,oral,miscellaneous anticonvulsants
62756079813,Divalproex Sodium,divalproex sodium 500 mg oral delayed release tablet,oral,miscellaneous anticonvulsants
62756079888,Divalproex Sodium,divalproex sodium 500 mg oral delayed release tablet,oral,miscellaneous anticonvulsants
62756087388,Valproic Acid,valproic acid 250 mg oral capsule,oral,miscellaneous anticonvulsants
62794067001,Phenytek,"phenytoin 200 mg oral capsule, extended release",oral,hydantoin anticonvulsants
62794067093,Phenytek,"phenytoin 200 mg oral capsule, extended release",oral,hydantoin anticonvulsants
63739004501,CarBAMazepine,carBAMazepine 200 mg oral tablet,oral,dibenzazepine anticonvulsants
63739004503,CarBAMazepine,carBAMazepine 200 mg oral tablet,oral,dibenzazepine anticonvulsants
63739004510,CarBAMazepine,carBAMazepine 200 mg oral tablet,oral,dibenzazepine anticonvulsants
63739020010,Phenobarbital,PHENobarbital 16.2 mg oral tablet,oral,barbiturate anticonvulsants
63739020110,Phenobarbital,PHENobarbital 32.4 mg oral tablet,oral,barbiturate anticonvulsants
63739025101,Valproic Acid,valproic acid 250 mg oral capsule,oral,miscellaneous anticonvulsants
63739025110,Valproic Acid,valproic acid 250 mg oral capsule,oral,miscellaneous anticonvulsants
63739055310,Divalproex Sodium,divalproex sodium 250 mg oral delayed release tablet,oral,miscellaneous anticonvulsants
63739055410,Divalproex Sodium,divalproex sodium 500 mg oral delayed release tablet,oral,miscellaneous anticonvulsants
63874022312,Phenobarbital,PHENobarbital 20 mg/5 mL oral elixir,oral,barbiturate anticonvulsants
63874022348,Phenobarbital,PHENobarbital 20 mg/5 mL oral elixir,oral,barbiturate anticonvulsants
63874025420,Phenobarbital,PHENobarbital 15 mg oral tablet,oral,barbiturate anticonvulsants
63874049201,CarBAMazepine,carBAMazepine 200 mg oral tablet,oral,dibenzazepine anticonvulsants
63874049202,CarBAMazepine,carBAMazepine 200 mg oral tablet,oral,dibenzazepine anticonvulsants
63874049204,CarBAMazepine,carBAMazepine 200 mg oral tablet,oral,dibenzazepine anticonvulsants
63874049210,CarBAMazepine,carBAMazepine 200 mg oral tablet,oral,dibenzazepine anticonvulsants
63874049220,CarBAMazepine,carBAMazepine 200 mg oral tablet,oral,dibenzazepine anticonvulsants
63874049230,CarBAMazepine,carBAMazepine 200 mg oral tablet,oral,dibenzazepine anticonvulsants
63874049240,CarBAMazepine,carBAMazepine 200 mg oral tablet,oral,dibenzazepine anticonvulsants
63874049245,CarBAMazepine,carBAMazepine 200 mg oral tablet,oral,dibenzazepine anticonvulsants
63874049260,CarBAMazepine,carBAMazepine 200 mg oral tablet,oral,dibenzazepine anticonvulsants
63874049290,CarBAMazepine,carBAMazepine 200 mg oral tablet,oral,dibenzazepine anticonvulsants
63874053501,Depakote,divalproex sodium 250 mg oral delayed release tablet,oral,miscellaneous anticonvulsants
63874053504,Depakote,divalproex sodium 250 mg oral delayed release tablet,oral,miscellaneous anticonvulsants
63874053510,Depakote,divalproex sodium 250 mg oral delayed release tablet,oral,miscellaneous anticonvulsants
63874053520,Depakote,divalproex sodium 250 mg oral delayed release tablet,oral,miscellaneous anticonvulsants
63874053530,Depakote,divalproex sodium 250 mg oral delayed release tablet,oral,miscellaneous anticonvulsants
63874053540,Depakote,divalproex sodium 250 mg oral delayed release tablet,oral,miscellaneous anticonvulsants
63874053560,Depakote,divalproex sodium 250 mg oral delayed release tablet,oral,miscellaneous anticonvulsants
63874053590,Depakote,divalproex sodium 250 mg oral delayed release tablet,oral,miscellaneous anticonvulsants
63874053601,Depakote,divalproex sodium 500 mg oral delayed release tablet,oral,miscellaneous anticonvulsants
63874053610,Depakote,divalproex sodium 500 mg oral delayed release tablet,oral,miscellaneous anticonvulsants
63874053620,Depakote,divalproex sodium 500 mg oral delayed release tablet,oral,miscellaneous anticonvulsants
63874053630,Depakote,divalproex sodium 500 mg oral delayed release tablet,oral,miscellaneous anticonvulsants
63874053640,Depakote,divalproex sodium 500 mg oral delayed release tablet,oral,miscellaneous anticonvulsants
63874053645,Depakote,divalproex sodium 500 mg oral delayed release tablet,oral,miscellaneous anticonvulsants
64125090101,Phenobarbital,PHENobarbital 30 mg oral tablet,oral,barbiturate anticonvulsants
64125090110,Phenobarbital,PHENobarbital 30 mg oral tablet,oral,barbiturate anticonvulsants
64125090201,Phenobarbital,PHENobarbital 60 mg oral tablet,oral,barbiturate anticonvulsants
64125090210,Phenobarbital,PHENobarbital 60 mg oral tablet,oral,barbiturate anticonvulsants
64125090301,Phenobarbital,PHENobarbital 100 mg oral tablet,oral,barbiturate anticonvulsants
64125090310,Phenobarbital,PHENobarbital 100 mg oral tablet,oral,barbiturate anticonvulsants
64125091501,Phenobarbital,PHENobarbital 15 mg oral tablet,oral,barbiturate anticonvulsants
64125091510,Phenobarbital,PHENobarbital 15 mg oral tablet,oral,barbiturate anticonvulsants
64679071901,"Phenytoin Sodium, Extended Release","phenytoin 30 mg oral capsule, extended release",oral,hydantoin anticonvulsants
64679072001,"Phenytoin Sodium, Extended Release","phenytoin 100 mg oral capsule, extended release",oral,hydantoin anticonvulsants
64679072002,"Phenytoin Sodium, Extended Release","phenytoin 100 mg oral capsule, extended release",oral,hydantoin anticonvulsants
64679072401,Divalproex Sodium ER,"divalproex sodium 250 mg oral tablet, extended release",oral,miscellaneous anticonvulsants
64679072402,Divalproex Sodium ER,"divalproex sodium 250 mg oral tablet, extended release",oral,miscellaneous anticonvulsants
64679072403,Divalproex Sodium ER,"divalproex sodium 250 mg oral tablet, extended release",oral,miscellaneous anticonvulsants
64679072501,Divalproex Sodium ER,"divalproex sodium 500 mg oral tablet, extended release",oral,miscellaneous anticonvulsants
64679072502,Divalproex Sodium ER,"divalproex sodium 500 mg oral tablet, extended release",oral,miscellaneous anticonvulsants
64679072503,Divalproex Sodium ER,"divalproex sodium 500 mg oral tablet, extended release",oral,miscellaneous anticonvulsants
64679097301,Divalproex Sodium,divalproex sodium 125 mg oral delayed release tablet,oral,miscellaneous anticonvulsants
64679097401,Divalproex Sodium,divalproex sodium 250 mg oral delayed release tablet,oral,miscellaneous anticonvulsants
64679097402,Divalproex Sodium,divalproex sodium 250 mg oral delayed release tablet,oral,miscellaneous anticonvulsants
64679097501,Divalproex Sodium,divalproex sodium 500 mg oral delayed release tablet,oral,miscellaneous anticonvulsants
64679097502,Divalproex Sodium,divalproex sodium 500 mg oral delayed release tablet,oral,miscellaneous anticonvulsants
65162021210,"Phenytoin Sodium, Extended Release","phenytoin 100 mg oral capsule, extended release",oral,hydantoin anticonvulsants
65162021211,"Phenytoin Sodium, Extended Release","phenytoin 100 mg oral capsule, extended release",oral,hydantoin anticonvulsants
65162021250,"Phenytoin Sodium, Extended Release","phenytoin 100 mg oral capsule, extended release",oral,hydantoin anticonvulsants
65862040101,Divalproex Sodium,divalproex sodium 125 mg oral delayed release tablet,oral,miscellaneous anticonvulsants
65862040105,Divalproex Sodium,divalproex sodium 125 mg oral delayed release tablet,oral,miscellaneous anticonvulsants
65862040201,Divalproex Sodium,divalproex sodium 250 mg oral delayed release tablet,oral,miscellaneous anticonvulsants
65862040205,Divalproex Sodium,divalproex sodium 250 mg oral delayed release tablet,oral,miscellaneous anticonvulsants
65862040301,Divalproex Sodium,divalproex sodium 500 mg oral delayed release tablet,oral,miscellaneous anticonvulsants
65862040305,Divalproex Sodium,divalproex sodium 500 mg oral delayed release tablet,oral,miscellaneous anticonvulsants
66267007990,Dilantin,"phenytoin 100 mg oral capsule, extended release",oral,hydantoin anticonvulsants
66336073130,CarBAMazepine,carBAMazepine 200 mg oral tablet,oral,dibenzazepine anticonvulsants
66336073230,"Phenytoin Sodium, Extended Release","phenytoin 100 mg oral capsule, extended release",oral,hydantoin anticonvulsants
66336073294,"Phenytoin Sodium, Extended Release","phenytoin 100 mg oral capsule, extended release",oral,hydantoin anticonvulsants
66689003601,Phenytoin,phenytoin 25 mg/mL oral suspension,oral,hydantoin anticonvulsants
66689003650,Phenytoin,phenytoin 25 mg/mL oral suspension,oral,hydantoin anticonvulsants
66689032301,CarBAMazepine,carBAMazepine 100 mg/5 mL oral suspension,oral,dibenzazepine anticonvulsants
66689032350,CarBAMazepine,carBAMazepine 100 mg/5 mL oral suspension,oral,dibenzazepine anticonvulsants
66993023208,Phenytoin,phenytoin 25 mg/mL oral suspension,oral,hydantoin anticonvulsants
66993040732,CarBAMazepine ER,"carBAMazepine 100 mg oral capsule, extended release",oral,dibenzazepine anticonvulsants
66993040832,CarBAMazepine ER,"carBAMazepine 200 mg oral capsule, extended release",oral,dibenzazepine anticonvulsants
66993040932,CarBAMazepine ER,"carBAMazepine 300 mg oral capsule, extended release",oral,dibenzazepine anticonvulsants
67544024253,CarBAMazepine,carBAMazepine 200 mg oral tablet,oral,dibenzazepine anticonvulsants
67544028053,Depakote,divalproex sodium 500 mg oral delayed release tablet,oral,miscellaneous anticonvulsants
68071077530,Divalproex Sodium,divalproex sodium 250 mg oral delayed release tablet,oral,miscellaneous anticonvulsants
68084031301,Divalproex Sodium Sprinkles,divalproex sodium 125 mg oral delayed release capsule,oral,miscellaneous anticonvulsants
68084031311,Divalproex Sodium Sprinkles,divalproex sodium 125 mg oral delayed release capsule,oral,miscellaneous anticonvulsants
68084031401,Divalproex Sodium,divalproex sodium 250 mg oral delayed release tablet,oral,miscellaneous anticonvulsants
68084031411,Divalproex Sodium,divalproex sodium 250 mg oral delayed release tablet,oral,miscellaneous anticonvulsants
68084031501,Divalproex Sodium,divalproex sodium 500 mg oral delayed release tablet,oral,miscellaneous anticonvulsants
68084031511,Divalproex Sodium,divalproex sodium 500 mg oral delayed release tablet,oral,miscellaneous anticonvulsants
68084031601,Divalproex Sodium ER,"divalproex sodium 250 mg oral tablet, extended release",oral,miscellaneous anticonvulsants
68084031611,Divalproex Sodium ER,"divalproex sodium 250 mg oral tablet, extended release",oral,miscellaneous anticonvulsants
68084031701,Divalproex Sodium ER,"divalproex sodium 500 mg oral tablet, extended release",oral,miscellaneous anticonvulsants
68084031711,Divalproex Sodium ER,"divalproex sodium 500 mg oral tablet, extended release",oral,miscellaneous anticonvulsants
68084037601,"Phenytoin Sodium, Extended Release","phenytoin 100 mg oral capsule, extended release",oral,hydantoin anticonvulsants
68084037611,"Phenytoin Sodium, Extended Release","phenytoin 100 mg oral capsule, extended release",oral,hydantoin anticonvulsants
68084037621,"Phenytoin Sodium, Extended Release","phenytoin 100 mg oral capsule, extended release",oral,hydantoin anticonvulsants
68084056111,CarBAMazepine ER,"carBAMazepine 200 mg oral tablet, extended release",oral,dibenzazepine anticonvulsants
68084056121,CarBAMazepine ER,"carBAMazepine 200 mg oral tablet, extended release",oral,dibenzazepine anticonvulsants
68084056211,CarBAMazepine ER,"carBAMazepine 400 mg oral tablet, extended release",oral,dibenzazepine anticonvulsants
68084056221,CarBAMazepine ER,"carBAMazepine 400 mg oral tablet, extended release",oral,dibenzazepine anticonvulsants
68094019358,Valproic Acid,valproic acid 250 mg/5 mL oral syrup,oral,miscellaneous anticonvulsants
68094019359,Valproic Acid,valproic acid 250 mg/5 mL oral syrup,oral,miscellaneous anticonvulsants
68094019361,Valproic Acid,valproic acid 250 mg/5 mL oral syrup,oral,miscellaneous anticonvulsants
68094019362,Valproic Acid,valproic acid 250 mg/5 mL oral syrup,oral,miscellaneous anticonvulsants
68094021459,CarBAMazepine,carBAMazepine 100 mg/5 mL oral suspension,oral,dibenzazepine anticonvulsants
68094021462,CarBAMazepine,carBAMazepine 100 mg/5 mL oral suspension,oral,dibenzazepine anticonvulsants
68094030159,CarBAMazepine,carBAMazepine 100 mg/5 mL oral suspension,oral,dibenzazepine anticonvulsants
68094030162,CarBAMazepine,carBAMazepine 100 mg/5 mL oral suspension,oral,dibenzazepine anticonvulsants
68094053358,Phenytoin,phenytoin 25 mg/mL oral suspension,oral,hydantoin anticonvulsants
68094070159,Valproic Acid,valproic acid 250 mg/5 mL oral syrup,oral,miscellaneous anticonvulsants
68094070161,Valproic Acid,valproic acid 250 mg/5 mL oral syrup,oral,miscellaneous anticonvulsants
68094070162,Valproic Acid,valproic acid 250 mg/5 mL oral syrup,oral,miscellaneous anticonvulsants
68180026501,Divalproex Sodium,divalproex sodium 125 mg oral delayed release tablet,oral,miscellaneous anticonvulsants
68180026601,Divalproex Sodium,divalproex sodium 250 mg oral delayed release tablet,oral,miscellaneous anticonvulsants
68180026602,Divalproex Sodium,divalproex sodium 250 mg oral delayed release tablet,oral,miscellaneous anticonvulsants
68180026701,Divalproex Sodium,divalproex sodium 500 mg oral delayed release tablet,oral,miscellaneous anticonvulsants
68180026702,Divalproex Sodium,divalproex sodium 500 mg oral delayed release tablet,oral,miscellaneous anticonvulsants
68382003101,Divalproex Sodium,divalproex sodium 125 mg oral delayed release tablet,oral,miscellaneous anticonvulsants
68382003105,Divalproex Sodium,divalproex sodium 125 mg oral delayed release tablet,oral,miscellaneous anticonvulsants
68382003201,Divalproex Sodium,divalproex sodium 250 mg oral delayed release tablet,oral,miscellaneous anticonvulsants
68382003205,Divalproex Sodium,divalproex sodium 250 mg oral delayed release tablet,oral,miscellaneous anticonvulsants
68382003301,Divalproex Sodium,divalproex sodium 500 mg oral delayed release tablet,oral,miscellaneous anticonvulsants
68382003305,Divalproex Sodium,divalproex sodium 500 mg oral delayed release tablet,oral,miscellaneous anticonvulsants
68382010601,Divalproex Sodium Sprinkles,divalproex sodium 125 mg oral delayed release capsule,oral,miscellaneous anticonvulsants
68382010610,Divalproex Sodium Sprinkles,divalproex sodium 125 mg oral delayed release capsule,oral,miscellaneous anticonvulsants
68968312501,Stavzor,valproic acid 125 mg oral delayed release capsule,oral,miscellaneous anticonvulsants
68968325001,Stavzor,valproic acid 250 mg oral delayed release capsule,oral,miscellaneous anticonvulsants
68968350001,Stavzor,valproic acid 500 mg oral delayed release capsule,oral,miscellaneous anticonvulsants
